文件	段号	段内偏移	编码	字符串
stage00.stg	0	0xC	ascii	Map00
stage00.stg	1	0x2	big5	創業王企業
stage00.stg	2	0x4	big5	中商場
stage00.stg	67	0x2	big5	單菱商社
stage00.stg	68	0x4	big5	大商場
stage00.stg	96	0xB	ascii	X:+8
stage00.stg	102	0xB	ascii	YZ?6
stage00.stg	105	0xB	ascii	YD}5
stage00.stg	106	0xB	ascii	YkP7
stage00.stg	110	0xB	ascii	Yz@4
stage00.stg	121	0xB	ascii	YAS6
stage00.stg	122	0xB	ascii	YQ-3
stage00.stg	124	0xB	ascii	Y-j4
stage00.stg	136	0xB	ascii	Xvy7
stage00.stg	138	0xB	ascii	Y-s4
stage00.stg	170	0x2	big5	耐急企業
stage00.stg	171	0x2	big5	風力富企業
stage00.stg	172	0x2	big5	七十一企業
stage00.stg	173	0x2	big5	微硬公司
stage00.stg	174	0x2	big5	敗耳企業
stage00.stg	175	0x2	big5	大牧場企業
stage00.stg	176	0x2	big5	農產公司
stage00.stg	177	0x2	big5	資源產業
stage00.stg	178	0x2	big5	木造實業
stage00.stg	179	0x2	big5	文房企業
stage00.stg	180	0x2	big5	全電子企業
stage00.stg	181	0x2	big5	小家電公司
stage00.stg	182	0x2	big5	大矽谷產業
stage00.stg	183	0x2	big5	陶藝企業
stage00.stg	184	0x2	big5	書香企業
stage00.stg	185	0x2	big5	有巢氏實業
stage00.stg	186	0x2	big5	精工企業
stage00.stg	187	0x2	big5	加樂福企業
stage01.stg	0	0xC	ascii	Map07
stage01.stg	1	0x2	big5	創業王企業
stage01.stg	2	0x4	big5	合併廠
stage01.stg	49	0x4	big5	合併廠
stage01.stg	131	0x2	big5	單菱商社
stage01.stg	132	0x4	big5	合併廠
stage01.stg	219	0x2	big5	耐急企業
stage01.stg	220	0x2	big5	風力富企業
stage01.stg	221	0x2	big5	七十一企業
stage01.stg	222	0x2	big5	微硬公司
stage01.stg	223	0x2	big5	敗耳企業
stage01.stg	224	0x2	big5	大牧場企業
stage01.stg	225	0x2	big5	農產公司
stage01.stg	226	0x2	big5	資源產業
stage01.stg	227	0x2	big5	木造實業
stage01.stg	228	0x2	big5	文房企業
stage01.stg	229	0x2	big5	全電子企業
stage01.stg	230	0x2	big5	小家電公司
stage01.stg	231	0x2	big5	大矽谷產業
stage01.stg	232	0x2	big5	陶藝企業
stage01.stg	233	0x2	big5	書香企業
stage01.stg	234	0x2	big5	有巢氏實業
stage01.stg	235	0x2	big5	精工企業
stage01.stg	236	0x2	big5	加樂福企業
stage02.stg	0	0xC	ascii	Map09
stage02.stg	1	0x2	big5	創業王企業
stage02.stg	2	0x4	big5	中商場
stage02.stg	4	0x2	big5	單菱商社
stage02.stg	5	0x4	big5	中工廠
stage02.stg	63	0x4	big5	矽礦場
stage02.stg	87	0x4	big5	油礦場
stage02.stg	142	0x4	big5	砂土場
stage02.stg	189	0x4	big5	鐵礦場
stage02.stg	219	0x4	big5	木材場
stage02.stg	248	0x4	big5	中工廠
stage02.stg	282	0xB	ascii	]j/5
stage02.stg	298	0x2	big5	耐急企業
stage02.stg	299	0x4	big5	大工廠
stage02.stg	327	0xB	ascii	_9_ 
stage02.stg	331	0xB	ascii	_rBX
stage02.stg	336	0xB	ascii	_|6U
stage02.stg	351	0xB	ascii	`p_U
stage02.stg	359	0xB	ascii	bS5=
stage02.stg	408	0x4	big5	中工廠
stage02.stg	424	0xB	ascii	\)<2
stage02.stg	468	0x4	big5	煤碳場
stage02.stg	489	0x4	big5	化物場
stage02.stg	508	0x2	big5	風力富企業
stage02.stg	509	0x4	big5	合併廠
stage02.stg	561	0xB	ascii	`ymD
stage02.stg	566	0xB	ascii	`y-I
stage02.stg	595	0xB	ascii	cDKU
stage02.stg	598	0xB	ascii	c~NU
stage02.stg	599	0xB	ascii	dYxN
stage02.stg	606	0xB	ascii	c@99
stage02.stg	670	0x4	big5	中工廠
stage02.stg	726	0x4	big5	鋁礦場
stage02.stg	735	0xB	ascii	0x<!
stage02.stg	738	0xB	ascii	0x8,
stage02.stg	740	0xB	ascii	0xn%
stage02.stg	743	0xB	ascii	0x{.
stage02.stg	747	0x2	big5	七十一企業
stage02.stg	748	0x4	big5	中商場
stage02.stg	809	0x4	big5	大商場
stage02.stg	936	0x2	big5	微硬公司
stage02.stg	937	0x2	big5	敗耳企業
stage02.stg	938	0x2	big5	大牧場企業
stage02.stg	939	0x2	big5	農產公司
stage02.stg	940	0x2	big5	資源產業
stage02.stg	941	0x2	big5	木造實業
stage02.stg	942	0x2	big5	文房企業
stage02.stg	943	0x2	big5	全電子企業
stage02.stg	944	0x2	big5	小家電公司
stage02.stg	945	0x2	big5	大矽谷產業
stage02.stg	946	0x2	big5	陶藝企業
stage02.stg	947	0x2	big5	書香企業
stage02.stg	948	0x2	big5	有巢氏實業
stage02.stg	949	0x2	big5	精工企業
stage02.stg	950	0x2	big5	加樂福企業
stage03.stg	0	0xC	ascii	Map15
stage03.stg	1	0x2	big5	創業王企業
stage03.stg	2	0x4	big5	合併廠
stage03.stg	126	0xB	ascii	M-I!
stage03.stg	259	0x2	big5	單菱商社
stage03.stg	260	0x4	big5	合併廠
stage03.stg	310	0xB	ascii	^sZ+
stage03.stg	313	0xB	ascii	^ot*
stage03.stg	359	0x4	big5	鐵礦場
stage03.stg	386	0x4	big5	砂土場
stage03.stg	413	0x4	big5	木材場
stage03.stg	440	0x2	big5	耐急企業
stage03.stg	441	0x2	big5	風力富企業
stage03.stg	442	0x4	big5	合併廠
stage03.stg	457	0xB	ascii	d$n"
stage03.stg	460	0xB	ascii	dyd%
stage03.stg	462	0xB	ascii	d$f$
stage03.stg	464	0xB	ascii	d$t#
stage03.stg	468	0xB	ascii	d$y$
stage03.stg	469	0xB	ascii	d$t#
stage03.stg	471	0xB	ascii	d$(%
stage03.stg	472	0xB	ascii	d$y$
stage03.stg	473	0xB	ascii	d$y$
stage03.stg	476	0xB	ascii	d$y$
stage03.stg	553	0x2	big5	七十一企業
stage03.stg	554	0x4	big5	中商場
stage03.stg	559	0x4	big5	中商場
stage03.stg	564	0x4	big5	中商場
stage03.stg	626	0x2	big5	微硬公司
stage03.stg	627	0x2	big5	敗耳企業
stage03.stg	628	0x2	big5	大牧場企業
stage03.stg	629	0x4	big5	中工廠
stage03.stg	662	0x4	big5	木材場
stage03.stg	679	0x2	big5	農產公司
stage03.stg	680	0x2	big5	資源產業
stage03.stg	681	0x4	big5	小商場
stage03.stg	694	0x4	big5	小工廠
stage03.stg	726	0x2	big5	木造實業
stage03.stg	727	0x4	big5	鐵礦場
stage03.stg	744	0x4	big5	砂土場
stage03.stg	771	0x4	big5	大工廠
stage03.stg	802	0x2	big5	文房企業
stage03.stg	803	0x4	big5	中工廠
stage03.stg	835	0x4	big5	木材場
stage03.stg	858	0x4	big5	砂土場
stage03.stg	875	0x4	big5	小商場
stage03.stg	888	0x4	big5	小工廠
stage03.stg	917	0x4	big5	煤碳場
stage03.stg	946	0x4	big5	油礦場
stage03.stg	975	0x2	big5	全電子企業
stage03.stg	976	0x4	big5	小商場
stage03.stg	978	0x4	big5	木材場
stage03.stg	995	0x4	big5	大工廠
stage03.stg	1019	0x4	big5	鐵礦場
stage03.stg	1041	0x4	big5	煤碳場
stage03.stg	1056	0x4	big5	砂土場
stage03.stg	1079	0x4	big5	矽礦場
stage03.stg	1096	0x2	big5	小家電公司
stage03.stg	1097	0x4	big5	小工廠
stage03.stg	1129	0x4	big5	鐵礦場
stage03.stg	1150	0x2	big5	大矽谷產業
stage03.stg	1151	0x2	big5	陶藝企業
stage03.stg	1152	0x4	big5	木材場
stage03.stg	1154	0x4	big5	中工廠
stage03.stg	1156	0x2	big5	書香企業
stage03.stg	1157	0x2	big5	有巢氏實業
stage03.stg	1158	0x4	big5	小工廠
stage03.stg	1186	0x4	big5	小工廠
stage03.stg	1212	0x4	big5	小工廠
stage03.stg	1244	0x4	big5	鐵礦場
stage03.stg	1261	0x4	big5	煤碳場
stage03.stg	1278	0x4	big5	砂土場
stage03.stg	1295	0x4	big5	木材場
stage03.stg	1312	0x2	big5	精工企業
stage03.stg	1313	0x4	big5	鐵礦場
stage03.stg	1330	0x4	big5	砂土場
stage03.stg	1346	0x4	big5	中工廠
stage03.stg	1379	0x4	big5	木材場
stage03.stg	1396	0x2	big5	加樂福企業
stage03.stg	1397	0x4	big5	中工廠
stage03.stg	1425	0x4	big5	小工廠
stage03.stg	1449	0x4	big5	化物場
stage04.stg	0	0xC	ascii	Map03
stage04.stg	1	0x2	big5	創業王企業
stage04.stg	2	0x2	big5	單菱商社
stage04.stg	3	0x4	big5	矽礦場
stage04.stg	94	0x4	big5	小商場
stage04.stg	119	0x4	big5	煤碳場
stage04.stg	146	0x4	big5	煤碳場
stage04.stg	170	0x4	big5	煤碳場
stage04.stg	194	0x4	big5	煤碳場
stage04.stg	236	0x4	big5	煤碳場
stage04.stg	272	0x4	big5	煤碳場
stage04.stg	300	0x4	big5	煤碳場
stage04.stg	325	0x4	big5	木材場
stage04.stg	343	0x2	big5	耐急企業
stage04.stg	344	0x2	big5	風力富企業
stage04.stg	345	0x2	big5	七十一企業
stage04.stg	346	0x2	big5	微硬公司
stage04.stg	347	0x2	big5	敗耳企業
stage04.stg	348	0x2	big5	大牧場企業
stage04.stg	349	0x4	big5	鐵礦場
stage04.stg	372	0x4	big5	大工廠
stage04.stg	405	0x4	big5	鐵礦場
stage04.stg	423	0x4	big5	砂土場
stage04.stg	442	0x2	big5	農產公司
stage04.stg	443	0x4	big5	砂土場
stage04.stg	471	0x4	big5	鐵礦場
stage04.stg	494	0x4	big5	中工廠
stage04.stg	527	0x4	big5	油礦場
stage04.stg	534	0xB	ascii	5rT\t
stage04.stg	544	0x2	big5	資源產業
stage04.stg	545	0x4	big5	砂土場
stage04.stg	562	0x4	big5	鐵礦場
stage04.stg	584	0x4	big5	小工廠
stage04.stg	613	0x2	big5	木造實業
stage04.stg	614	0x4	big5	化物場
stage04.stg	637	0x4	big5	砂土場
stage04.stg	660	0x4	big5	鐵礦場
stage04.stg	677	0x4	big5	中工廠
stage04.stg	710	0x4	big5	鐵礦場
stage04.stg	731	0x4	big5	砂土場
stage04.stg	752	0x2	big5	文房企業
stage04.stg	753	0x4	big5	鐵礦場
stage04.stg	753	0x0	ascii	0021
stage04.stg	782	0x4	big5	小工廠
stage04.stg	814	0x4	big5	砂土場
stage04.stg	814	0x0	ascii	0019
stage04.stg	831	0x4	big5	小商場
stage04.stg	831	0x0	ascii	0018
stage04.stg	846	0x4	big5	大工廠
stage04.stg	846	0x0	ascii	0017
stage04.stg	872	0xB	ascii	Qk)@
stage04.stg	893	0x4	big5	砂土場
stage04.stg	893	0x0	ascii	0016
stage04.stg	914	0x4	big5	化物場
stage04.stg	914	0x0	ascii	0015
stage04.stg	937	0x2	big5	全電子企業
stage04.stg	938	0x4	big5	砂土場
stage04.stg	955	0x4	big5	鐵礦場
stage04.stg	972	0x4	big5	砂土場
stage04.stg	990	0x4	big5	大工廠
stage04.stg	1023	0x4	big5	鐵礦場
stage04.stg	1046	0x2	big5	小家電公司
stage04.stg	1047	0x4	big5	中工廠
stage04.stg	1075	0x4	big5	鐵礦場
stage04.stg	1092	0x4	big5	砂土場
stage04.stg	1122	0x4	big5	中工廠
stage04.stg	1155	0x4	big5	鐵礦場
stage04.stg	1183	0x4	big5	砂土場
stage04.stg	1205	0x2	big5	大矽谷產業
stage04.stg	1206	0x4	big5	油礦場
stage04.stg	1211	0xB	ascii	Gr(\t
stage04.stg	1214	0xB	ascii	Gr(\t
stage04.stg	1217	0xB	ascii	Gr(\t
stage04.stg	1218	0xB	ascii	Gr(\t
stage04.stg	1226	0xB	ascii	Gr(\t
stage04.stg	1229	0x4	big5	砂土場
stage04.stg	1246	0x4	big5	鐵礦場
stage04.stg	1263	0x4	big5	大工廠
stage04.stg	1296	0x4	big5	小工廠
stage04.stg	1328	0x4	big5	小工廠
stage04.stg	1360	0x2	big5	陶藝企業
stage04.stg	1361	0x4	big5	鐵礦場
stage04.stg	1378	0x4	big5	小工廠
stage04.stg	1411	0x4	big5	砂土場
stage04.stg	1442	0x4	big5	中工廠
stage04.stg	1494	0x2	big5	書香企業
stage04.stg	1495	0x4	big5	鐵礦場
stage04.stg	1518	0x4	big5	砂土場
stage04.stg	1543	0x4	big5	鐵礦場
stage04.stg	1566	0x4	big5	小工廠
stage04.stg	1599	0x2	big5	有巢氏實業
stage04.stg	1600	0x4	big5	小工廠
stage04.stg	1631	0x4	big5	鐵礦場
stage04.stg	1655	0x4	big5	砂土場
stage04.stg	1672	0x2	big5	精工企業
stage04.stg	1673	0x4	big5	油礦場
stage04.stg	1673	0x0	ascii	0012
stage04.stg	1690	0x4	big5	化物場
stage04.stg	1713	0x4	big5	鐵礦場
stage04.stg	1730	0x4	big5	砂土場
stage04.stg	1748	0x4	big5	中工廠
stage04.stg	1781	0x2	big5	加樂福企業
stage04.stg	1782	0x4	big5	鐵礦場
stage04.stg	1811	0x4	big5	小工廠
stage04.stg	1839	0x4	big5	化物場
stage04.stg	1862	0x4	big5	鐵礦場
stage04.stg	1882	0x4	big5	小工廠
stage04.stg	2530	0xA	ascii	`tH~
stage04.stg	2534	0xA	ascii	]U|(
stage04.stg	2536	0xA	ascii	[HxO
stage05.stg	0	0xC	ascii	Map14
stage05.stg	1	0x2	big5	創業王企業
stage05.stg	2	0x4	big5	中工廠
stage05.stg	4	0x2	big5	單菱商社
stage05.stg	5	0x4	big5	合併廠
stage05.stg	10	0x12	ascii	DOaR
stage05.stg	11	0x12	ascii	DOaR
stage05.stg	12	0x10	ascii	\t\tDO
stage05.stg	13	0x10	ascii	\t\tDO
stage05.stg	154	0x2	big5	耐急企業
stage05.stg	155	0x2	big5	風力富企業
stage05.stg	156	0x4	big5	大工廠
stage05.stg	180	0xB	ascii	T,#?
stage05.stg	188	0xB	ascii	S4mT
stage05.stg	196	0xB	ascii	ShDH
stage05.stg	203	0xB	ascii	Sx8D
stage05.stg	266	0x4	big5	中農場
stage05.stg	272	0x12	ascii	DOBr
stage05.stg	331	0x2	big5	七十一企業
stage05.stg	332	0x4	big5	小商場
stage05.stg	364	0x4	big5	小商場
stage05.stg	396	0x4	big5	小商場
stage05.stg	428	0x4	big5	小商場
stage05.stg	460	0x2	big5	微硬公司
stage05.stg	461	0x2	big5	敗耳企業
stage05.stg	462	0x2	big5	大牧場企業
stage05.stg	463	0x2	big5	農產公司
stage05.stg	464	0x2	big5	資源產業
stage05.stg	465	0x2	big5	木造實業
stage05.stg	466	0x2	big5	文房企業
stage05.stg	467	0x2	big5	全電子企業
stage05.stg	468	0x2	big5	小家電公司
stage05.stg	469	0x2	big5	大矽谷產業
stage05.stg	470	0x2	big5	陶藝企業
stage05.stg	471	0x2	big5	書香企業
stage05.stg	472	0x2	big5	有巢氏實業
stage05.stg	473	0x2	big5	精工企業
stage05.stg	474	0x2	big5	加樂福企業
stage06.stg	0	0xC	ascii	Map17
stage06.stg	1	0x2	big5	創業王企業
stage06.stg	2	0x4	big5	中商場
stage06.stg	72	0x2	big5	單菱商社
stage06.stg	73	0x4	big5	合併廠
stage06.stg	409	0x4	big5	合併廠
stage06.stg	436	0xB	ascii	M1C4
stage06.stg	552	0x4	big5	砂土場
stage06.stg	609	0x4	big5	木材場
stage06.stg	672	0x4	big5	鐵礦場
stage06.stg	737	0x4	big5	大工廠
stage06.stg	752	0xB	ascii	TM)7
stage06.stg	754	0xB	ascii	TM&3
stage06.stg	811	0x2	big5	耐急企業
stage06.stg	812	0x2	big5	風力富企業
stage06.stg	813	0x4	big5	合併廠
stage06.stg	1151	0x2	big5	七十一企業
stage06.stg	1152	0x4	big5	中商場
stage06.stg	1221	0x2	big5	微硬公司
stage06.stg	1222	0x2	big5	敗耳企業
stage06.stg	1223	0x2	big5	大牧場企業
stage06.stg	1224	0x4	big5	化物場
stage06.stg	1224	0x0	ascii	0028
stage06.stg	1253	0x4	big5	小工廠
stage06.stg	1253	0x0	ascii	0027
stage06.stg	1285	0x4	big5	鋁礦場
stage06.stg	1285	0x0	ascii	0026
stage06.stg	1302	0x4	big5	中商場
stage06.stg	1302	0x0	ascii	0025
stage06.stg	1356	0x4	big5	小工廠
stage06.stg	1356	0x0	ascii	0024
stage06.stg	1380	0x4	big5	小工廠
stage06.stg	1380	0x0	ascii	0023
stage06.stg	1406	0x4	big5	木材場
stage06.stg	1421	0x4	big5	砂土場
stage06.stg	1421	0x0	ascii	0021
stage06.stg	1444	0x4	big5	中工廠
stage06.stg	1496	0x4	big5	小農場
stage06.stg	1496	0x0	ascii	0019
stage06.stg	1520	0x4	big5	砂土場
stage06.stg	1520	0x0	ascii	0018
stage06.stg	1537	0x4	big5	鐵礦場
stage06.stg	1537	0x0	ascii	0017
stage06.stg	1554	0x4	big5	小商場
stage06.stg	1554	0x0	ascii	0016
stage06.stg	1578	0x4	big5	小工廠
stage06.stg	1578	0x0	ascii	0015
stage06.stg	1611	0x4	big5	小工廠
stage06.stg	1611	0x0	ascii	0014
stage06.stg	1635	0x4	big5	木材場
stage06.stg	1635	0x0	ascii	0013
stage06.stg	1658	0x2	big5	農產公司
stage06.stg	1659	0x4	big5	油礦場
stage06.stg	1659	0x0	ascii	0027
stage06.stg	1682	0x4	big5	中工廠
stage06.stg	1682	0x0	ascii	0026
stage06.stg	1705	0x4	big5	中農場
stage06.stg	1705	0x0	ascii	0025
stage06.stg	1728	0x4	big5	矽礦場
stage06.stg	1728	0x0	ascii	0024
stage06.stg	1745	0x4	big5	小工廠
stage06.stg	1745	0x0	ascii	0023
stage06.stg	1775	0x4	big5	大工廠
stage06.stg	1809	0x4	big5	中工廠
stage06.stg	1809	0x0	ascii	0021
stage06.stg	1857	0x4	big5	小工廠
stage06.stg	1881	0x4	big5	木材場
stage06.stg	1881	0x0	ascii	0019
stage06.stg	1910	0x4	big5	小工廠
stage06.stg	1910	0x0	ascii	0018
stage06.stg	1942	0x4	big5	中農場
stage06.stg	1942	0x0	ascii	0017
stage06.stg	1966	0x4	big5	鐵礦場
stage06.stg	1966	0x0	ascii	0016
stage06.stg	1983	0x4	big5	砂土場
stage06.stg	1983	0x0	ascii	0015
stage06.stg	2000	0x4	big5	小商場
stage06.stg	2000	0x0	ascii	0014
stage06.stg	2025	0x4	big5	小工廠
stage06.stg	2025	0x0	ascii	0013
stage06.stg	2051	0x4	big5	小工廠
stage06.stg	2051	0x0	ascii	0012
stage06.stg	2078	0xB	ascii	R^<!
stage06.stg	2083	0x2	big5	資源產業
stage06.stg	2084	0x4	big5	砂土場
stage06.stg	2084	0x0	ascii	0025
stage06.stg	2113	0x4	big5	中農場
stage06.stg	2113	0x0	ascii	0024
stage06.stg	2137	0x4	big5	中工廠
stage06.stg	2137	0x0	ascii	0023
stage06.stg	2143	0xB	ascii	WyuD
stage06.stg	2153	0xB	ascii	Wy?G
stage06.stg	2161	0x4	big5	小工廠
stage06.stg	2186	0x4	big5	中工廠
stage06.stg	2186	0x0	ascii	0021
stage06.stg	2219	0x4	big5	中工廠
stage06.stg	2253	0x4	big5	合併廠
stage06.stg	2253	0x0	ascii	0019
stage06.stg	2289	0xB	ascii	Yc10
stage06.stg	2297	0x4	big5	小農場
stage06.stg	2297	0x0	ascii	0018
stage06.stg	2307	0xB	ascii	]P; 
stage06.stg	2321	0x4	big5	砂土場
stage06.stg	2321	0x0	ascii	0017
stage06.stg	2345	0x4	big5	鐵礦場
stage06.stg	2345	0x0	ascii	0016
stage06.stg	2368	0x4	big5	小商場
stage06.stg	2368	0x0	ascii	0015
stage06.stg	2392	0x4	big5	小工廠
stage06.stg	2392	0x0	ascii	0013
stage06.stg	2416	0x2	big5	木造實業
stage06.stg	2417	0x4	big5	砂土場
stage06.stg	2417	0x0	ascii	0025
stage06.stg	2440	0x4	big5	大商場
stage06.stg	2440	0x0	ascii	0024
stage06.stg	2454	0x4	big5	小商場
stage06.stg	2454	0x0	ascii	0023
stage06.stg	2488	0x4	big5	小商場
stage06.stg	2513	0x4	big5	大工廠
stage06.stg	2513	0x0	ascii	0021
stage06.stg	2566	0x4	big5	鐵礦場
stage06.stg	2583	0x4	big5	中工廠
stage06.stg	2583	0x0	ascii	0019
stage06.stg	2637	0x4	big5	小農場
stage06.stg	2637	0x0	ascii	0018
stage06.stg	2666	0x4	big5	小工廠
stage06.stg	2666	0x0	ascii	0017
stage06.stg	2694	0x4	big5	煤碳場
stage06.stg	2694	0x0	ascii	0016
stage06.stg	2710	0x4	big5	砂土場
stage06.stg	2710	0x0	ascii	0015
stage06.stg	2728	0x2	big5	文房企業
stage06.stg	2729	0x4	big5	合併廠
stage06.stg	2763	0x4	big5	小工廠
stage06.stg	2787	0x4	big5	大工廠
stage06.stg	2787	0x0	ascii	0019
stage06.stg	2820	0x4	big5	小工廠
stage06.stg	2820	0x0	ascii	0018
stage06.stg	2844	0x4	big5	木材場
stage06.stg	2844	0x0	ascii	0017
stage06.stg	2859	0x4	big5	矽礦場
stage06.stg	2859	0x0	ascii	0016
stage06.stg	2878	0x4	big5	鐵礦場
stage06.stg	2878	0x0	ascii	0015
stage06.stg	2895	0x4	big5	小農場
stage06.stg	2895	0x0	ascii	0014
stage06.stg	2919	0x4	big5	砂土場
stage06.stg	2919	0x0	ascii	0013
stage06.stg	2923	0xB	ascii	7!!\t
stage06.stg	2936	0x4	big5	中商場
stage06.stg	2936	0x0	ascii	0012
stage06.stg	2981	0x4	big5	小工廠
stage06.stg	3012	0x4	big5	小工廠
stage06.stg	3030	0xB	ascii	M@/:
stage06.stg	3033	0xB	ascii	M\td8
stage06.stg	3040	0x2	big5	全電子企業
stage06.stg	3041	0x4	big5	小農場
stage06.stg	3041	0x0	ascii	0035
stage06.stg	3065	0x4	big5	小工廠
stage06.stg	3065	0x0	ascii	0034
stage06.stg	3094	0x4	big5	小工廠
stage06.stg	3123	0x4	big5	大工廠
stage06.stg	3123	0x0	ascii	0032
stage06.stg	3175	0x4	big5	煤碳場
stage06.stg	3175	0x0	ascii	0031
stage06.stg	3192	0x4	big5	小工廠
stage06.stg	3216	0x4	big5	砂土場
stage06.stg	3216	0x0	ascii	0029
stage06.stg	3233	0x4	big5	大商場
stage06.stg	3233	0x0	ascii	0028
stage06.stg	3247	0x4	big5	中農場
stage06.stg	3247	0x0	ascii	0027
stage06.stg	3291	0x4	big5	小工廠
stage06.stg	3291	0x0	ascii	0026
stage06.stg	3315	0x4	big5	大商場
stage06.stg	3315	0x0	ascii	0025
stage06.stg	3432	0x4	big5	鐵礦場
stage06.stg	3432	0x0	ascii	0024
stage06.stg	3461	0x4	big5	中商場
stage06.stg	3461	0x0	ascii	0023
stage06.stg	3507	0x4	big5	中工廠
stage06.stg	3562	0x2	big5	小家電公司
stage06.stg	3563	0x4	big5	小商場
stage06.stg	3563	0x0	ascii	0023
stage06.stg	3577	0x4	big5	小農場
stage06.stg	3601	0x4	big5	砂土場
stage06.stg	3601	0x0	ascii	0021
stage06.stg	3607	0xB	ascii	9!N\t
stage06.stg	3630	0x4	big5	中工廠
stage06.stg	3644	0xB	ascii	_;j%
stage06.stg	3654	0x4	big5	鐵礦場
stage06.stg	3654	0x0	ascii	0019
stage06.stg	3677	0x4	big5	大工廠
stage06.stg	3677	0x0	ascii	0018
stage06.stg	3730	0x4	big5	中工廠
stage06.stg	3730	0x0	ascii	0017
stage06.stg	3754	0x4	big5	小工廠
stage06.stg	3754	0x0	ascii	0016
stage06.stg	3781	0x4	big5	小工廠
stage06.stg	3781	0x0	ascii	0015
stage06.stg	3807	0x4	big5	小工廠
stage06.stg	3807	0x0	ascii	0014
stage06.stg	3833	0x2	big5	大矽谷產業
stage06.stg	3834	0x4	big5	煤碳場
stage06.stg	3834	0x0	ascii	0019
stage06.stg	3851	0x4	big5	小工廠
stage06.stg	3851	0x0	ascii	0018
stage06.stg	3880	0x4	big5	小工廠
stage06.stg	3880	0x0	ascii	0017
stage06.stg	3912	0x4	big5	木材場
stage06.stg	3912	0x0	ascii	0016
stage06.stg	3929	0x4	big5	小農場
stage06.stg	3929	0x0	ascii	0015
stage06.stg	3953	0x4	big5	中工廠
stage06.stg	3953	0x0	ascii	0014
stage06.stg	3997	0x4	big5	鐵礦場
stage06.stg	3997	0x0	ascii	0013
stage06.stg	4014	0x4	big5	小工廠
stage06.stg	4014	0x0	ascii	0012
stage06.stg	4041	0x4	big5	砂土場
stage06.stg	4058	0x4	big5	小農場
stage06.stg	4064	0xB	ascii	T}.a
stage06.stg	4066	0xB	ascii	SoH_
stage06.stg	4082	0x4	big5	中工廠
stage06.stg	4109	0xB	ascii	Z2"$
stage06.stg	4115	0xB	ascii	Z~|%
stage06.stg	4124	0xB	ascii	Z~|%
stage06.stg	4135	0x2	big5	陶藝企業
stage06.stg	4136	0x4	big5	小農場
stage06.stg	4136	0x0	ascii	0034
stage06.stg	4160	0x4	big5	小工廠
stage06.stg	4193	0x4	big5	大工廠
stage06.stg	4193	0x0	ascii	0032
stage06.stg	4211	0xB	ascii	S20c
stage06.stg	4224	0x4	big5	大工廠
stage06.stg	4224	0x0	ascii	0031
stage06.stg	4257	0x4	big5	小工廠
stage06.stg	4289	0x4	big5	中工廠
stage06.stg	4289	0x0	ascii	0029
stage06.stg	4351	0x4	big5	小商場
stage06.stg	4351	0x0	ascii	0028
stage06.stg	4366	0x4	big5	小工廠
stage06.stg	4366	0x0	ascii	0027
stage06.stg	4393	0x4	big5	木材場
stage06.stg	4393	0x0	ascii	0026
stage06.stg	4410	0x4	big5	大商場
stage06.stg	4410	0x0	ascii	0025
stage06.stg	4434	0x4	big5	小商場
stage06.stg	4434	0x0	ascii	0024
stage06.stg	4457	0x4	big5	大工廠
stage06.stg	4457	0x0	ascii	0023
stage06.stg	4550	0xB	ascii	Q&x%
stage06.stg	4557	0x4	big5	矽礦場
stage06.stg	4564	0xB	ascii	Z#!\t
stage06.stg	4565	0xB	ascii	Z# \t
stage06.stg	4576	0x4	big5	鐵礦場
stage06.stg	4576	0x0	ascii	0021
stage06.stg	4593	0x4	big5	砂土場
stage06.stg	4610	0x4	big5	煤碳場
stage06.stg	4610	0x0	ascii	0019
stage06.stg	4634	0x4	big5	油礦場
stage06.stg	4634	0x0	ascii	0018
stage06.stg	4663	0x4	big5	化物場
stage06.stg	4663	0x0	ascii	0017
stage06.stg	4680	0x2	big5	書香企業
stage06.stg	4681	0x4	big5	煤碳場
stage06.stg	4681	0x0	ascii	0023
stage06.stg	4704	0x4	big5	小工廠
stage06.stg	4732	0x4	big5	小工廠
stage06.stg	4732	0x0	ascii	0021
stage06.stg	4762	0x4	big5	中工廠
stage06.stg	4804	0xB	ascii	]avJ
stage06.stg	4806	0xB	ascii	]a]G
stage06.stg	4814	0x4	big5	小工廠
stage06.stg	4814	0x0	ascii	0019
stage06.stg	4846	0x4	big5	小農場
stage06.stg	4846	0x0	ascii	0018
stage06.stg	4870	0x4	big5	小商場
stage06.stg	4870	0x0	ascii	0017
stage06.stg	4894	0x4	big5	砂土場
stage06.stg	4894	0x0	ascii	0016
stage06.stg	4919	0x4	big5	大農場
stage06.stg	4919	0x0	ascii	0015
stage06.stg	4962	0x4	big5	鐵礦場
stage06.stg	4962	0x0	ascii	0014
stage06.stg	4985	0x4	big5	大商場
stage06.stg	4985	0x0	ascii	0013
stage06.stg	5009	0x4	big5	中工廠
stage06.stg	5009	0x0	ascii	0012
stage06.stg	5036	0xB	ascii	L+K-
stage06.stg	5045	0xB	ascii	Nm~%
stage06.stg	5063	0x2	big5	有巢氏實業
stage06.stg	5064	0x4	big5	中工廠
stage06.stg	5066	0x4	big5	大工廠
stage06.stg	5066	0x0	ascii	0032
stage06.stg	5068	0x4	big5	小工廠
stage06.stg	5068	0x0	ascii	0031
stage06.stg	5092	0x4	big5	小農場
stage06.stg	5116	0x4	big5	鐵礦場
stage06.stg	5116	0x0	ascii	0029
stage06.stg	5139	0x4	big5	中商場
stage06.stg	5139	0x0	ascii	0028
stage06.stg	5163	0x4	big5	化物場
stage06.stg	5163	0x0	ascii	0027
stage06.stg	5187	0x4	big5	中商場
stage06.stg	5187	0x0	ascii	0026
stage06.stg	5201	0x4	big5	中工廠
stage06.stg	5201	0x0	ascii	0025
stage06.stg	5260	0x4	big5	小農場
stage06.stg	5260	0x0	ascii	0024
stage06.stg	5284	0x4	big5	中工廠
stage06.stg	5284	0x0	ascii	0023
stage06.stg	5339	0x4	big5	砂土場
stage06.stg	5355	0x4	big5	木材場
stage06.stg	5355	0x0	ascii	0021
stage06.stg	5372	0x2	big5	精工企業
stage06.stg	5373	0x4	big5	小工廠
stage06.stg	5373	0x0	ascii	0026
stage06.stg	5396	0x4	big5	大商場
stage06.stg	5396	0x0	ascii	0025
stage06.stg	5410	0x4	big5	中農場
stage06.stg	5410	0x0	ascii	0024
stage06.stg	5434	0x4	big5	小工廠
stage06.stg	5434	0x0	ascii	0023
stage06.stg	5467	0x4	big5	中工廠
stage06.stg	5530	0x4	big5	鋁礦場
stage06.stg	5530	0x0	ascii	0021
stage06.stg	5553	0x4	big5	小工廠
stage06.stg	5577	0x4	big5	中工廠
stage06.stg	5577	0x0	ascii	0019
stage06.stg	5632	0x4	big5	中農場
stage06.stg	5632	0x0	ascii	0018
stage06.stg	5675	0x4	big5	木材場
stage06.stg	5675	0x0	ascii	0017
stage06.stg	5698	0x4	big5	砂土場
stage06.stg	5698	0x0	ascii	0016
stage06.stg	5715	0x4	big5	鐵礦場
stage06.stg	5715	0x0	ascii	0015
stage06.stg	5743	0x4	big5	小工廠
stage06.stg	5743	0x0	ascii	0014
stage06.stg	5770	0x4	big5	木材場
stage06.stg	5770	0x0	ascii	0013
stage06.stg	5787	0x2	big5	加樂福企業
stage06.stg	5788	0x4	big5	小工廠
stage06.stg	5788	0x0	ascii	0026
stage06.stg	5812	0x4	big5	煤碳場
stage06.stg	5812	0x0	ascii	0025
stage06.stg	5829	0x4	big5	小農場
stage06.stg	5829	0x0	ascii	0024
stage06.stg	5853	0x4	big5	小工廠
stage06.stg	5853	0x0	ascii	0023
stage06.stg	5877	0x4	big5	小商場
stage06.stg	5891	0x4	big5	中農場
stage06.stg	5891	0x0	ascii	0021
stage06.stg	5928	0xB	ascii	T9lh
stage06.stg	5934	0x4	big5	大工廠
stage06.stg	6024	0x4	big5	小工廠
stage06.stg	6024	0x0	ascii	0019
stage06.stg	6053	0x4	big5	矽礦場
stage06.stg	6053	0x0	ascii	0018
stage06.stg	6082	0x4	big5	砂土場
stage06.stg	6082	0x0	ascii	0017
stage06.stg	6097	0x4	big5	煤碳場
stage06.stg	6097	0x0	ascii	0016
stage06.stg	6122	0x4	big5	油礦場
stage06.stg	6122	0x0	ascii	0015
stage06.stg	6145	0x4	big5	鐵礦場
stage06.stg	6145	0x0	ascii	0014
stage07.stg	0	0xC	ascii	Map02
stage07.stg	1	0x2	big5	創業王企業
stage07.stg	2	0x4	big5	大工廠
stage07.stg	4	0x4	big5	合併廠
stage07.stg	58	0x2	big5	單菱商社
stage07.stg	59	0x4	big5	鐵礦場
stage07.stg	82	0x4	big5	木材場
stage07.stg	104	0x4	big5	砂土場
stage07.stg	132	0x4	big5	矽礦場
stage07.stg	181	0x2	big5	耐急企業
stage07.stg	182	0x2	big5	風力富企業
stage07.stg	183	0x4	big5	合併廠
stage07.stg	235	0x2	big5	七十一企業
stage07.stg	236	0x2	big5	微硬公司
stage07.stg	237	0x2	big5	敗耳企業
stage07.stg	238	0x2	big5	大牧場企業
stage07.stg	239	0x4	big5	木材場
stage07.stg	256	0x4	big5	大工廠
stage07.stg	288	0x2	big5	農產公司
stage07.stg	289	0x4	big5	化物場
stage07.stg	312	0x4	big5	小工廠
stage07.stg	339	0x4	big5	鐵礦場
stage07.stg	356	0x4	big5	砂土場
stage07.stg	373	0x4	big5	小商場
stage07.stg	375	0x2	big5	資源產業
stage07.stg	376	0x4	big5	小工廠
stage07.stg	403	0x4	big5	小商場
stage07.stg	416	0x2	big5	木造實業
stage07.stg	417	0x4	big5	砂土場
stage07.stg	434	0x4	big5	煤碳場
stage07.stg	451	0x4	big5	油礦場
stage07.stg	468	0x2	big5	文房企業
stage07.stg	469	0x4	big5	小工廠
stage07.stg	498	0x4	big5	小工廠
stage07.stg	523	0x4	big5	小商場
stage07.stg	536	0x4	big5	砂土場
stage07.stg	551	0x4	big5	小商場
stage07.stg	564	0x4	big5	鐵礦場
stage07.stg	587	0x2	big5	全電子企業
stage07.stg	588	0x4	big5	鐵礦場
stage07.stg	611	0x4	big5	煤碳場
stage07.stg	634	0x4	big5	砂土場
stage07.stg	650	0x4	big5	小工廠
stage07.stg	677	0x4	big5	木材場
stage07.stg	700	0x2	big5	小家電公司
stage07.stg	701	0x4	big5	小工廠
stage07.stg	728	0x4	big5	小工廠
stage07.stg	758	0x4	big5	木材場
stage07.stg	764	0xB	ascii	TNe\t
stage07.stg	775	0x2	big5	大矽谷產業
stage07.stg	776	0x4	big5	砂土場
stage07.stg	799	0x2	big5	陶藝企業
stage07.stg	800	0x2	big5	書香企業
stage07.stg	801	0x4	big5	矽礦場
stage07.stg	818	0x4	big5	小工廠
stage07.stg	842	0x4	big5	小商場
stage07.stg	865	0x2	big5	有巢氏實業
stage07.stg	866	0x4	big5	化物場
stage07.stg	883	0x4	big5	油礦場
stage07.stg	912	0x4	big5	煤碳場
stage07.stg	929	0x4	big5	砂土場
stage07.stg	947	0x4	big5	小工廠
stage07.stg	977	0x2	big5	精工企業
stage07.stg	978	0x4	big5	木材場
stage07.stg	995	0x4	big5	小工廠
stage07.stg	1018	0x4	big5	鐵礦場
stage07.stg	1041	0x2	big5	加樂福企業
stage07.stg	1042	0x4	big5	木材場
stage08.stg	0	0xC	ascii	Map16
stage08.stg	1	0x2	big5	創業王企業
stage08.stg	2	0x4	big5	大工廠
stage08.stg	4	0x4	big5	小商場
stage08.stg	6	0x2	big5	單菱商社
stage08.stg	7	0x4	big5	大工廠
stage08.stg	71	0x4	big5	鋁礦場
stage08.stg	95	0x4	big5	油礦場
stage08.stg	123	0x4	big5	砂土場
stage08.stg	196	0x4	big5	木材場
stage08.stg	269	0x4	big5	鐵礦場
stage08.stg	342	0x2	big5	耐急企業
stage08.stg	343	0x4	big5	大工廠
stage08.stg	376	0xB	ascii	Qa/1
stage08.stg	378	0xB	ascii	Q>?5
stage08.stg	418	0x2	big5	風力富企業
stage08.stg	419	0x4	big5	合併廠
stage08.stg	433	0xB	ascii	d>tZ
stage08.stg	435	0xB	ascii	d@"^
stage08.stg	436	0xB	ascii	d"-W
stage08.stg	437	0xB	ascii	dBg\
stage08.stg	444	0xB	ascii	dB%Y
stage08.stg	538	0x2	big5	七十一企業
stage08.stg	539	0x4	big5	小商場
stage08.stg	575	0x2	big5	微硬公司
stage08.stg	576	0x2	big5	敗耳企業
stage08.stg	577	0x2	big5	大牧場企業
stage08.stg	578	0x4	big5	鋁礦場
stage08.stg	578	0x0	ascii	0015
stage08.stg	582	0xB	ascii	R-O\t
stage08.stg	586	0xB	ascii	R-O\t
stage08.stg	589	0xB	ascii	R-O\t
stage08.stg	601	0x4	big5	煤碳場
stage08.stg	601	0x0	ascii	0014
stage08.stg	618	0x4	big5	小商場
stage08.stg	618	0x0	ascii	0013
stage08.stg	632	0x4	big5	中工廠
stage08.stg	632	0x0	ascii	0012
stage08.stg	656	0x4	big5	中工廠
stage08.stg	689	0x4	big5	中工廠
stage08.stg	703	0xB	ascii	>$jd
stage08.stg	723	0x4	big5	小農場
stage08.stg	747	0x4	big5	小工廠
stage08.stg	776	0x4	big5	小工廠
stage08.stg	800	0x4	big5	中工廠
stage08.stg	862	0x4	big5	木材場
stage08.stg	885	0x2	big5	農產公司
stage08.stg	886	0x4	big5	中農場
stage08.stg	886	0x0	ascii	0018
stage08.stg	910	0x4	big5	小工廠
stage08.stg	910	0x0	ascii	0017
stage08.stg	942	0x4	big5	小農場
stage08.stg	942	0x0	ascii	0016
stage08.stg	966	0x4	big5	小工廠
stage08.stg	966	0x0	ascii	0015
stage08.stg	997	0x4	big5	中工廠
stage08.stg	997	0x0	ascii	0014
stage08.stg	1021	0x4	big5	小工廠
stage08.stg	1021	0x0	ascii	0013
stage08.stg	1045	0x4	big5	大工廠
stage08.stg	1045	0x0	ascii	0012
stage08.stg	1089	0x4	big5	矽礦場
stage08.stg	1105	0x4	big5	中農場
stage08.stg	1148	0x4	big5	中商場
stage08.stg	1213	0x4	big5	小工廠
stage08.stg	1241	0x4	big5	小工廠
stage08.stg	1268	0x4	big5	小工廠
stage08.stg	1298	0x2	big5	資源產業
stage08.stg	1299	0x4	big5	鋁礦場
stage08.stg	1299	0x0	ascii	0019
stage08.stg	1316	0x4	big5	煤碳場
stage08.stg	1316	0x0	ascii	0018
stage08.stg	1333	0x4	big5	小工廠
stage08.stg	1333	0x0	ascii	0017
stage08.stg	1348	0xB	ascii	I$Hz
stage08.stg	1361	0x4	big5	中工廠
stage08.stg	1361	0x0	ascii	0016
stage08.stg	1413	0x4	big5	中工廠
stage08.stg	1413	0x0	ascii	0015
stage08.stg	1446	0x4	big5	大工廠
stage08.stg	1446	0x0	ascii	0014
stage08.stg	1491	0x4	big5	小工廠
stage08.stg	1491	0x0	ascii	0013
stage08.stg	1522	0x4	big5	小農場
stage08.stg	1522	0x0	ascii	0012
stage08.stg	1546	0x4	big5	化物場
stage08.stg	1575	0x4	big5	小商場
stage08.stg	1599	0x4	big5	矽礦場
stage08.stg	1615	0x4	big5	煤碳場
stage08.stg	1633	0x4	big5	鐵礦場
stage08.stg	1650	0x4	big5	砂土場
stage08.stg	1679	0x2	big5	木造實業
stage08.stg	1680	0x4	big5	煤碳場
stage08.stg	1680	0x0	ascii	0014
stage08.stg	1697	0x4	big5	砂土場
stage08.stg	1697	0x0	ascii	0013
stage08.stg	1715	0x4	big5	小工廠
stage08.stg	1715	0x0	ascii	0012
stage08.stg	1744	0x4	big5	大工廠
stage08.stg	1782	0xB	ascii	M~O@
stage08.stg	1788	0xB	ascii	M~O@
stage08.stg	1796	0x4	big5	小工廠
stage08.stg	1806	0xB	ascii	M@/s
stage08.stg	1823	0x4	big5	鐵礦場
stage08.stg	1832	0xB	ascii	7`K\t
stage08.stg	1834	0xB	ascii	7`K\t
stage08.stg	1840	0x4	big5	砂土場
stage08.stg	1857	0x4	big5	小農場
stage08.stg	1881	0x4	big5	大工廠
stage08.stg	1901	0xB	ascii	O@KW
stage08.stg	1905	0xB	ascii	Q@KW
stage08.stg	1913	0xB	ascii	Q@KW
stage08.stg	1916	0xB	ascii	O@KW
stage08.stg	1972	0x2	big5	文房企業
stage08.stg	1973	0x4	big5	小工廠
stage08.stg	1973	0x0	ascii	0016
stage08.stg	1997	0x4	big5	小農場
stage08.stg	1997	0x0	ascii	0015
stage08.stg	2021	0x4	big5	中工廠
stage08.stg	2021	0x0	ascii	0014
stage08.stg	2082	0x4	big5	中農場
stage08.stg	2082	0x0	ascii	0013
stage08.stg	2106	0x4	big5	中工廠
stage08.stg	2106	0x0	ascii	0012
stage08.stg	2163	0x4	big5	小工廠
stage08.stg	2171	0xB	ascii	NC39
stage08.stg	2174	0xB	ascii	NC39
stage08.stg	2187	0x4	big5	中工廠
stage08.stg	2248	0x4	big5	中商場
stage08.stg	2263	0x4	big5	小工廠
stage08.stg	2291	0x4	big5	油礦場
stage08.stg	2308	0x2	big5	全電子企業
stage08.stg	2309	0x4	big5	小工廠
stage08.stg	2309	0x0	ascii	0021
stage08.stg	2333	0x4	big5	鋁礦場
stage08.stg	2362	0x4	big5	中農場
stage08.stg	2362	0x0	ascii	0019
stage08.stg	2386	0x4	big5	小農場
stage08.stg	2386	0x0	ascii	0018
stage08.stg	2400	0xB	ascii	^!kC
stage08.stg	2410	0x4	big5	砂土場
stage08.stg	2410	0x0	ascii	0017
stage08.stg	2427	0x4	big5	中農場
stage08.stg	2427	0x0	ascii	0016
stage08.stg	2451	0x4	big5	小工廠
stage08.stg	2451	0x0	ascii	0015
stage08.stg	2475	0x4	big5	小工廠
stage08.stg	2475	0x0	ascii	0014
stage08.stg	2508	0x4	big5	中農場
stage08.stg	2508	0x0	ascii	0013
stage08.stg	2533	0xB	ascii	^!@A
stage08.stg	2537	0xB	ascii	^!@A
stage08.stg	2541	0xB	ascii	_!fE
stage08.stg	2551	0xB	ascii	UrCu
stage08.stg	2562	0x4	big5	小工廠
stage08.stg	2562	0x0	ascii	0012
stage08.stg	2586	0x4	big5	中工廠
stage08.stg	2606	0xB	ascii	C8G~
stage08.stg	2612	0xB	ascii	Gn$A
stage08.stg	2620	0xB	ascii	GnG?
stage08.stg	2637	0x4	big5	砂土場
stage08.stg	2661	0x4	big5	矽礦場
stage08.stg	2678	0x4	big5	煤碳場
stage08.stg	2693	0x4	big5	油礦場
stage08.stg	2707	0x4	big5	鐵礦場
stage08.stg	2711	0xB	ascii	4`f\t
stage08.stg	2713	0xB	ascii	4`a\t
stage08.stg	2717	0xB	ascii	4`f\t
stage08.stg	2720	0xB	ascii	4`k\t
stage08.stg	2721	0xB	ascii	4`k\t
stage08.stg	2724	0x2	big5	小家電公司
stage08.stg	2725	0x4	big5	小工廠
stage08.stg	2725	0x0	ascii	0019
stage08.stg	2757	0x4	big5	小農場
stage08.stg	2757	0x0	ascii	0018
stage08.stg	2769	0xB	ascii	]j6A
stage08.stg	2775	0xB	ascii	]j_B
stage08.stg	2777	0xB	ascii	]!#B
stage08.stg	2781	0x4	big5	小工廠
stage08.stg	2781	0x0	ascii	0017
stage08.stg	2811	0x4	big5	小工廠
stage08.stg	2811	0x0	ascii	0016
stage08.stg	2834	0x4	big5	小工廠
stage08.stg	2834	0x0	ascii	0015
stage08.stg	2867	0x4	big5	中商場
stage08.stg	2867	0x0	ascii	0014
stage08.stg	2881	0x4	big5	中工廠
stage08.stg	2881	0x0	ascii	0013
stage08.stg	2910	0xB	ascii	^~R9
stage08.stg	2925	0x4	big5	中農場
stage08.stg	2925	0x0	ascii	0012
stage08.stg	2949	0x4	big5	中工廠
stage08.stg	3011	0x4	big5	小工廠
stage08.stg	3022	0xB	ascii	NWGc
stage08.stg	3029	0xB	ascii	NqcY
stage08.stg	3040	0x4	big5	化物場
stage08.stg	3057	0x2	big5	大矽谷產業
stage08.stg	3058	0x4	big5	中工廠
stage08.stg	3058	0x0	ascii	0029
stage08.stg	3090	0x4	big5	小工廠
stage08.stg	3090	0x0	ascii	0028
stage08.stg	3118	0x4	big5	小農場
stage08.stg	3118	0x0	ascii	0027
stage08.stg	3142	0x4	big5	煤碳場
stage08.stg	3142	0x0	ascii	0026
stage08.stg	3160	0x4	big5	中商場
stage08.stg	3160	0x0	ascii	0025
stage08.stg	3214	0x4	big5	小工廠
stage08.stg	3214	0x0	ascii	0024
stage08.stg	3238	0x4	big5	化物場
stage08.stg	3238	0x0	ascii	0023
stage08.stg	3255	0x4	big5	小商場
stage08.stg	3269	0x4	big5	小工廠
stage08.stg	3269	0x0	ascii	0021
stage08.stg	3300	0x4	big5	小商場
stage08.stg	3314	0x4	big5	小農場
stage08.stg	3314	0x0	ascii	0019
stage08.stg	3338	0x4	big5	中工廠
stage08.stg	3338	0x0	ascii	0018
stage08.stg	3391	0x4	big5	小工廠
stage08.stg	3391	0x0	ascii	0017
stage08.stg	3423	0x4	big5	小工廠
stage08.stg	3423	0x0	ascii	0016
stage08.stg	3447	0x4	big5	煤碳場
stage08.stg	3447	0x0	ascii	0015
stage08.stg	3471	0x4	big5	鐵礦場
stage08.stg	3471	0x0	ascii	0014
stage08.stg	3488	0x4	big5	砂土場
stage08.stg	3488	0x0	ascii	0013
stage08.stg	3506	0x4	big5	矽礦場
stage08.stg	3506	0x0	ascii	0012
stage08.stg	3523	0x2	big5	陶藝企業
stage08.stg	3524	0x4	big5	小工廠
stage08.stg	3524	0x0	ascii	0013
stage08.stg	3553	0x4	big5	小工廠
stage08.stg	3553	0x0	ascii	0012
stage08.stg	3585	0x4	big5	大農場
stage08.stg	3609	0x4	big5	中工廠
stage08.stg	3615	0xB	ascii	a~q=
stage08.stg	3617	0xB	ascii	a~9?
stage08.stg	3619	0xB	ascii	a~q=
stage08.stg	3621	0xB	ascii	a~V>
stage08.stg	3627	0xB	ascii	a~9?
stage08.stg	3633	0x4	big5	小商場
stage08.stg	3648	0x4	big5	小工廠
stage08.stg	3677	0x4	big5	中工廠
stage08.stg	3729	0x4	big5	小農場
stage08.stg	3753	0x2	big5	書香企業
stage08.stg	3754	0x4	big5	小工廠
stage08.stg	3754	0x0	ascii	0015
stage08.stg	3787	0x4	big5	大農場
stage08.stg	3787	0x0	ascii	0014
stage08.stg	3797	0xB	ascii	[!U@
stage08.stg	3811	0x4	big5	小工廠
stage08.stg	3811	0x0	ascii	0013
stage08.stg	3839	0x4	big5	砂土場
stage08.stg	3839	0x0	ascii	0012
stage08.stg	3856	0x4	big5	小商場
stage08.stg	3891	0x4	big5	小工廠
stage08.stg	3920	0x4	big5	小農場
stage08.stg	3928	0xB	ascii	UY9n
stage08.stg	3930	0xB	ascii	XkLd
stage08.stg	3944	0x4	big5	油礦場
stage08.stg	3957	0xB	ascii	Q`3\t
stage08.stg	3961	0x4	big5	中商場
stage08.stg	3975	0x4	big5	中工廠
stage08.stg	4003	0xB	ascii	]xmK
stage08.stg	4007	0xB	ascii	]xmK
stage08.stg	4016	0xB	ascii	Ms#,
stage08.stg	4035	0x4	big5	木材場
stage08.stg	4052	0x2	big5	有巢氏實業
stage08.stg	4053	0x4	big5	砂土場
stage08.stg	4053	0x0	ascii	0017
stage08.stg	4076	0x4	big5	小工廠
stage08.stg	4076	0x0	ascii	0016
stage08.stg	4107	0x4	big5	小工廠
stage08.stg	4107	0x0	ascii	0015
stage08.stg	4113	0xB	ascii	YY?T
stage08.stg	4132	0xB	ascii	YY`S
stage08.stg	4136	0x4	big5	鋁礦場
stage08.stg	4136	0x0	ascii	0014
stage08.stg	4153	0x4	big5	大工廠
stage08.stg	4153	0x0	ascii	0013
stage08.stg	4212	0x4	big5	煤碳場
stage08.stg	4212	0x0	ascii	0012
stage08.stg	4229	0x4	big5	小工廠
stage08.stg	4258	0x4	big5	小工廠
stage08.stg	4270	0xB	ascii	F~K>
stage08.stg	4282	0x4	big5	小工廠
stage08.stg	4307	0xB	ascii	L(aq
stage08.stg	4311	0x4	big5	小農場
stage08.stg	4317	0xB	ascii	NFu}
stage08.stg	4335	0x4	big5	中工廠
stage08.stg	4368	0xB	ascii	O&^9
stage08.stg	4377	0xB	ascii	E:0-
stage08.stg	4388	0x4	big5	木材場
stage08.stg	4405	0x2	big5	精工企業
stage08.stg	4406	0x4	big5	矽礦場
stage08.stg	4406	0x0	ascii	0017
stage08.stg	4427	0x4	big5	中農場
stage08.stg	4427	0x0	ascii	0016
stage08.stg	4451	0x4	big5	小工廠
stage08.stg	4451	0x0	ascii	0015
stage08.stg	4461	0xB	ascii	^~%6
stage08.stg	4463	0xB	ascii	^~\t7
stage08.stg	4475	0x4	big5	小商場
stage08.stg	4475	0x0	ascii	0014
stage08.stg	4489	0x4	big5	中工廠
stage08.stg	4489	0x0	ascii	0013
stage08.stg	4513	0x4	big5	大工廠
stage08.stg	4513	0x0	ascii	0012
stage08.stg	4576	0x4	big5	中農場
stage08.stg	4619	0x4	big5	小商場
stage08.stg	4644	0x4	big5	小工廠
stage08.stg	4660	0xB	ascii	F81p
stage08.stg	4676	0x4	big5	大商場
stage08.stg	4780	0x4	big5	小工廠
stage08.stg	4812	0x2	big5	加樂福企業
stage08.stg	4813	0x4	big5	中工廠
stage08.stg	4856	0x4	big5	小工廠
stage08.stg	4889	0x4	big5	鐵礦場
stage08.stg	4906	0x4	big5	大工廠
stage08.stg	4974	0x4	big5	小農場
stage08.stg	4998	0x4	big5	中商場
stage08.stg	5032	0xB	ascii	M@}[
stage08.stg	5035	0xB	ascii	O@}[
stage08.stg	5065	0x4	big5	中工廠
stage09.stg	0	0xC	ascii	Map04
stage09.stg	1	0x2	big5	創業王企業
stage09.stg	2	0x2	big5	單菱商社
stage09.stg	3	0x4	big5	煤碳場
stage09.stg	68	0x4	big5	木材場
stage09.stg	137	0x4	big5	砂土場
stage09.stg	226	0x4	big5	鐵礦場
stage09.stg	233	0xB	ascii	a`D 
stage09.stg	284	0xB	ascii	a`D 
stage09.stg	290	0xB	ascii	a`A 
stage09.stg	315	0x4	big5	矽礦場
stage09.stg	397	0x4	big5	化物場
stage09.stg	486	0x4	big5	鋁礦場
stage09.stg	491	0xB	ascii	a-`3
stage09.stg	494	0xB	ascii	b-/2
stage09.stg	495	0xB	ascii	b-/0
stage09.stg	496	0xB	ascii	b-/0
stage09.stg	497	0xB	ascii	b-/2
stage09.stg	501	0xB	ascii	b-.4
stage09.stg	503	0xB	ascii	b-0.
stage09.stg	504	0xB	ascii	b-0.
stage09.stg	506	0xB	ascii	b-6+
stage09.stg	507	0xB	ascii	b-/2
stage09.stg	508	0xB	ascii	b-/0
stage09.stg	511	0xB	ascii	b-`2
stage09.stg	512	0xB	ascii	b-/0
stage09.stg	513	0xB	ascii	b-:0
stage09.stg	520	0xB	ascii	b-/0
stage09.stg	524	0xB	ascii	b-:0
stage09.stg	525	0xB	ascii	b-/0
stage09.stg	528	0xB	ascii	a-_5
stage09.stg	530	0xB	ascii	b-/0
stage09.stg	531	0xB	ascii	b--6
stage09.stg	534	0xB	ascii	b-/0
stage09.stg	536	0xB	ascii	a-_7
stage09.stg	538	0xB	ascii	a-\t8
stage09.stg	539	0xB	ascii	a-\t8
stage09.stg	540	0xB	ascii	a-_5
stage09.stg	542	0xB	ascii	b-/2
stage09.stg	543	0xB	ascii	b-/2
stage09.stg	545	0xB	ascii	a-_5
stage09.stg	554	0xB	ascii	b-/2
stage09.stg	555	0xB	ascii	b-/2
stage09.stg	557	0xB	ascii	b-0.
stage09.stg	560	0xB	ascii	b-/0
stage09.stg	561	0xB	ascii	b-/2
stage09.stg	564	0xB	ascii	b-.4
stage09.stg	567	0xB	ascii	a-a1
stage09.stg	568	0xB	ascii	a-_7
stage09.stg	575	0x4	big5	油礦場
stage09.stg	580	0xB	ascii	^`5'
stage09.stg	581	0xB	ascii	^`r(
stage09.stg	583	0xB	ascii	^`5'
stage09.stg	588	0xB	ascii	^`D"
stage09.stg	601	0xB	ascii	^`4'
stage09.stg	609	0xB	ascii	^`5'
stage09.stg	626	0xB	ascii	^`5'
stage09.stg	631	0xB	ascii	^`r(
stage09.stg	637	0xB	ascii	^`L*
stage09.stg	640	0xB	ascii	^`L*
stage09.stg	641	0xB	ascii	^`5'
stage09.stg	642	0xB	ascii	^`r(
stage09.stg	643	0xB	ascii	^`5'
stage09.stg	644	0xB	ascii	^`5'
stage09.stg	648	0xB	ascii	^`r(
stage09.stg	650	0xB	ascii	^`c-
stage09.stg	652	0xB	ascii	^`L*
stage09.stg	655	0xB	ascii	^`r(
stage09.stg	658	0xB	ascii	^`5'
stage09.stg	660	0xB	ascii	^`r(
stage09.stg	664	0x2	big5	耐急企業
stage09.stg	665	0x4	big5	大工廠
stage09.stg	721	0xB	ascii	_$'a
stage09.stg	722	0xB	ascii	_/#d
stage09.stg	723	0xB	ascii	_E{Q
stage09.stg	729	0xB	ascii	_,jW
stage09.stg	773	0x4	big5	大工廠
stage09.stg	834	0xB	ascii	_^SZ
stage09.stg	843	0xB	ascii	_~LR
stage09.stg	855	0xB	ascii	_]TY
stage09.stg	861	0x4	big5	大工廠
stage09.stg	955	0x4	big5	大工廠
stage09.stg	1041	0x4	big5	大工廠
stage09.stg	1139	0x4	big5	大工廠
stage09.stg	1216	0x2	big5	風力富企業
stage09.stg	1217	0x4	big5	大農場
stage09.stg	1269	0xB	ascii	dFU 
stage09.stg	1292	0xB	ascii	dFU 
stage09.stg	1313	0x4	big5	大農場
stage09.stg	1365	0x2	big5	七十一企業
stage09.stg	1366	0x4	big5	大商場
stage09.stg	1430	0x2	big5	微硬公司
stage09.stg	1431	0x2	big5	敗耳企業
stage09.stg	1432	0x2	big5	大牧場企業
stage09.stg	1433	0x4	big5	小工廠
stage09.stg	1466	0x4	big5	小農場
stage09.stg	1490	0x4	big5	中農場
stage09.stg	1533	0x4	big5	大工廠
stage09.stg	1584	0xB	ascii	Z8tG
stage09.stg	1605	0xB	ascii	K>Q#
stage09.stg	1628	0x4	big5	中商場
stage09.stg	1705	0x4	big5	木材場
stage09.stg	1722	0x2	big5	農產公司
stage09.stg	1723	0x4	big5	中工廠
stage09.stg	1755	0x4	big5	大農場
stage09.stg	1784	0xB	ascii	Xgz`
stage09.stg	1788	0xB	ascii	Xqq^
stage09.stg	1798	0x4	big5	小商場
stage09.stg	1833	0x4	big5	大工廠
stage09.stg	1875	0xB	ascii	]8BD
stage09.stg	1885	0xB	ascii	Z8RC
stage09.stg	1914	0x2	big5	資源產業
stage09.stg	1915	0x4	big5	中工廠
stage09.stg	1947	0x4	big5	中農場
stage09.stg	1971	0x4	big5	小農場
stage09.stg	1995	0x4	big5	中工廠
stage09.stg	2056	0x4	big5	小農場
stage09.stg	2080	0x4	big5	小工廠
stage09.stg	2104	0x2	big5	木造實業
stage09.stg	2105	0x4	big5	小工廠
stage09.stg	2128	0x4	big5	小農場
stage09.stg	2152	0x4	big5	中農場
stage09.stg	2176	0x4	big5	小農場
stage09.stg	2200	0x4	big5	小商場
stage09.stg	2224	0x4	big5	小商場
stage09.stg	2238	0x4	big5	小工廠
stage09.stg	2257	0xB	ascii	aj_/
stage09.stg	2263	0xB	ascii	aj+0
stage09.stg	2270	0x4	big5	中工廠
stage09.stg	2299	0xB	ascii	c#x$
stage09.stg	2301	0xB	ascii	V|J$
stage09.stg	2302	0xB	ascii	c#!$
stage09.stg	2333	0x4	big5	油礦場
stage09.stg	2362	0x4	big5	化物場
stage09.stg	2379	0x2	big5	文房企業
stage09.stg	2380	0x4	big5	小工廠
stage09.stg	2380	0x0	ascii	0013
stage09.stg	2382	0x4	big5	小商場
stage09.stg	2382	0x0	ascii	0012
stage09.stg	2406	0x4	big5	中農場
stage09.stg	2440	0x4	big5	小商場
stage09.stg	2464	0x4	big5	小商場
stage09.stg	2500	0x4	big5	小工廠
stage09.stg	2524	0x4	big5	中農場
stage09.stg	2567	0xB	ascii	XLxc
stage09.stg	2577	0x4	big5	小商場
stage09.stg	2611	0x4	big5	小工廠
stage09.stg	2642	0x4	big5	砂土場
stage09.stg	2660	0x2	big5	全電子企業
stage09.stg	2661	0x4	big5	中農場
stage09.stg	2685	0x4	big5	小商場
stage09.stg	2709	0x4	big5	小商場
stage09.stg	2735	0x4	big5	小農場
stage09.stg	2759	0x4	big5	小工廠
stage09.stg	2791	0x4	big5	砂土場
stage09.stg	2808	0x4	big5	木材場
stage09.stg	2825	0x2	big5	小家電公司
stage09.stg	2826	0x4	big5	小工廠
stage09.stg	2853	0x4	big5	鋁礦場
stage09.stg	2876	0x4	big5	小農場
stage09.stg	2900	0x4	big5	中工廠
stage09.stg	2936	0xB	ascii	St$x
stage09.stg	2940	0xB	ascii	StCw
stage09.stg	2953	0x4	big5	大農場
stage09.stg	2997	0x4	big5	小工廠
stage09.stg	3023	0x4	big5	砂土場
stage09.stg	3047	0x2	big5	大矽谷產業
stage09.stg	3048	0x4	big5	小工廠
stage09.stg	3072	0x4	big5	大農場
stage09.stg	3097	0xB	ascii	X%Ta
stage09.stg	3099	0xB	ascii	Zq0a
stage09.stg	3115	0x4	big5	小工廠
stage09.stg	3125	0xB	ascii	SWDh
stage09.stg	3140	0xB	ascii	T$Rf
stage09.stg	3143	0xB	ascii	T$]n
stage09.stg	3147	0x4	big5	小商場
stage09.stg	3171	0x4	big5	小商場
stage09.stg	3195	0x4	big5	木材場
stage09.stg	3212	0x2	big5	陶藝企業
stage09.stg	3213	0x4	big5	大工廠
stage09.stg	3247	0x4	big5	小商場
stage09.stg	3271	0x4	big5	小工廠
stage09.stg	3290	0xB	ascii	Z- C
stage09.stg	3294	0x4	big5	中農場
stage09.stg	3304	0xB	ascii	X=/b
stage09.stg	3318	0x4	big5	小商場
stage09.stg	3347	0x4	big5	小工廠
stage09.stg	3355	0xB	ascii	b~_6
stage09.stg	3371	0x4	big5	矽礦場
stage09.stg	3388	0x2	big5	書香企業
stage09.stg	3389	0x4	big5	中工廠
stage09.stg	3412	0x4	big5	小商場
stage09.stg	3426	0x4	big5	小農場
stage09.stg	3450	0x4	big5	中商場
stage09.stg	3464	0x4	big5	小工廠
stage09.stg	3470	0xB	ascii	ZDlC
stage09.stg	3472	0xB	ascii	ZD#E
stage09.stg	3476	0xB	ascii	ZDlC
stage09.stg	3478	0xB	ascii	ZDHD
stage09.stg	3484	0xB	ascii	ZD#E
stage09.stg	3488	0x4	big5	小工廠
stage09.stg	3496	0xB	ascii	Se>t
stage09.stg	3512	0x4	big5	中農場
stage09.stg	3555	0x4	big5	小商場
stage09.stg	3579	0x4	big5	小工廠
stage09.stg	3611	0x2	big5	有巢氏實業
stage09.stg	3612	0x4	big5	中商場
stage09.stg	3625	0x4	big5	中農場
stage09.stg	3648	0x4	big5	小農場
stage09.stg	3666	0xB	ascii	^@yl
stage09.stg	3672	0x4	big5	中工廠
stage09.stg	3714	0xB	ascii	\8dI
stage09.stg	3724	0x4	big5	小工廠
stage09.stg	3733	0xB	ascii	L=9!
stage09.stg	3755	0x4	big5	中工廠
stage09.stg	3815	0x4	big5	油礦場
stage09.stg	3837	0x4	big5	鐵礦場
stage09.stg	3854	0x2	big5	精工企業
stage09.stg	3855	0x4	big5	大工廠
stage09.stg	3857	0x4	big5	小農場
stage09.stg	3881	0x4	big5	小工廠
stage09.stg	3913	0x4	big5	中商場
stage09.stg	3980	0x4	big5	小商場
stage09.stg	4013	0x4	big5	煤碳場
stage09.stg	4042	0x4	big5	中工廠
stage09.stg	4108	0x4	big5	化物場
stage09.stg	4125	0x2	big5	加樂福企業
stage09.stg	4126	0x4	big5	大工廠
stage09.stg	4167	0x4	big5	中商場
stage09.stg	4201	0x4	big5	小工廠
stage09.stg	4228	0x4	big5	大農場
stage09.stg	4252	0x4	big5	小商場
stage09.stg	4277	0x4	big5	小農場
stage09.stg	4305	0x4	big5	煤碳場
stage09.stg	4328	0x4	big5	小工廠
stage09.stg	4356	0xB	ascii	I71(
stage09.stg	4538	0xA	ascii	@Q H
stage10.stg	0	0xC	ascii	Map11
stage10.stg	1	0x2	big5	創業王企業
stage10.stg	2	0x4	big5	合併廠
stage10.stg	27	0xB	ascii	a;:K
stage10.stg	28	0xB	ascii	a;bL
stage10.stg	29	0xB	ascii	a;bL
stage10.stg	39	0xB	ascii	a;Jh
stage10.stg	64	0xB	ascii	aS{O
stage10.stg	67	0xB	ascii	a][J
stage10.stg	68	0xB	ascii	aS{O
stage10.stg	129	0xB	ascii	P2O(
stage10.stg	132	0xB	ascii	PLt'
stage10.stg	139	0xB	ascii	P?E,
stage10.stg	243	0x2	big5	單菱商社
stage10.stg	244	0x4	big5	大工廠
stage10.stg	244	0x0	ascii	0012
stage10.stg	290	0xB	ascii	[0U)
stage10.stg	291	0xB	ascii	[@'3
stage10.stg	300	0xB	ascii	[;6,
stage10.stg	307	0xB	ascii	[Pz-
stage10.stg	326	0x4	big5	煤碳場
stage10.stg	398	0x4	big5	砂土場
stage10.stg	461	0x4	big5	鋁礦場
stage10.stg	520	0x4	big5	銀礦場
stage10.stg	526	0xB	ascii	LCS-
stage10.stg	529	0xB	ascii	LCl/
stage10.stg	532	0xB	ascii	LCS-
stage10.stg	534	0xB	ascii	LCS-
stage10.stg	545	0xB	ascii	LCa-
stage10.stg	550	0xB	ascii	LCa-
stage10.stg	552	0xB	ascii	LCa-
stage10.stg	563	0xB	ascii	LC[+
stage10.stg	572	0xB	ascii	LCs.
stage10.stg	573	0xB	ascii	LCa-
stage10.stg	576	0xB	ascii	LC[+
stage10.stg	579	0x4	big5	金礦場
stage10.stg	638	0x4	big5	化物場
stage10.stg	697	0x4	big5	煤碳場
stage10.stg	725	0x4	big5	油礦場
stage10.stg	783	0x4	big5	鐵礦場
stage10.stg	835	0x4	big5	砂土場
stage10.stg	883	0x4	big5	木材場
stage10.stg	944	0x4	big5	大工廠
stage10.stg	944	0x0	ascii	0013
stage10.stg	1048	0x4	big5	合併廠
stage10.stg	1048	0x0	ascii	0017
stage10.stg	1373	0x2	big5	耐急企業
stage10.stg	1374	0x4	big5	合併廠
stage10.stg	1460	0x4	big5	中工廠
stage10.stg	1474	0xB	ascii	^H.H
stage10.stg	1476	0xB	ascii	^HA;
stage10.stg	1482	0xB	ascii	^H+<
stage10.stg	1510	0x4	big5	小工廠
stage10.stg	1536	0x4	big5	中工廠
stage10.stg	1587	0x2	big5	風力富企業
stage10.stg	1588	0x4	big5	合併廠
stage10.stg	1635	0xB	ascii	d-H%
stage10.stg	1639	0xB	ascii	d-?"
stage10.stg	1666	0xB	ascii	d-L$
stage10.stg	1667	0xB	ascii	d-m!
stage10.stg	1671	0xB	ascii	d-Y&
stage10.stg	1674	0xB	ascii	d;0%
stage10.stg	1675	0xB	ascii	d->(
stage10.stg	1684	0xB	ascii	d-\t%
stage10.stg	1695	0xB	ascii	d-L$
stage10.stg	1698	0xB	ascii	d-m!
stage10.stg	1701	0xB	ascii	d-?"
stage10.stg	1702	0xB	ascii	d-p%
stage10.stg	1704	0xB	ascii	d-2 
stage10.stg	1732	0x2	big5	七十一企業
stage10.stg	1733	0x4	big5	小商場
stage10.stg	1761	0x4	big5	小商場
stage10.stg	1786	0x4	big5	小商場
stage10.stg	1811	0x4	big5	小商場
stage10.stg	1827	0x4	big5	小商場
stage10.stg	1855	0x4	big5	小商場
stage10.stg	1883	0x2	big5	微硬公司
stage10.stg	1884	0x2	big5	敗耳企業
stage10.stg	1885	0x2	big5	大牧場企業
stage10.stg	1886	0x4	big5	化物場
stage10.stg	1903	0x4	big5	木材場
stage10.stg	1920	0x2	big5	農產公司
stage10.stg	1921	0x4	big5	中商場
stage10.stg	1934	0x4	big5	小工廠
stage10.stg	1966	0x2	big5	資源產業
stage10.stg	1967	0x4	big5	煤碳場
stage10.stg	1984	0x4	big5	鐵礦場
stage10.stg	2001	0x4	big5	小商場
stage10.stg	2025	0x4	big5	中工廠
stage10.stg	2058	0x2	big5	木造實業
stage10.stg	2059	0x4	big5	木材場
stage10.stg	2082	0x2	big5	文房企業
stage10.stg	2083	0x4	big5	砂土場
stage10.stg	2106	0x4	big5	小工廠
stage10.stg	2134	0x2	big5	全電子企業
stage10.stg	2135	0x4	big5	中工廠
stage10.stg	2159	0x4	big5	鐵礦場
stage10.stg	2176	0x4	big5	煤碳場
stage10.stg	2193	0x4	big5	砂土場
stage10.stg	2210	0x4	big5	矽礦場
stage10.stg	2227	0x2	big5	小家電公司
stage10.stg	2228	0x4	big5	小工廠
stage10.stg	2256	0x4	big5	油礦場
stage10.stg	2273	0x4	big5	化物場
stage10.stg	2302	0x2	big5	大矽谷產業
stage10.stg	2303	0x4	big5	砂土場
stage10.stg	2320	0x4	big5	小工廠
stage10.stg	2348	0x2	big5	陶藝企業
stage10.stg	2349	0x4	big5	木材場
stage10.stg	2349	0x0	ascii	0014
stage10.stg	2366	0x4	big5	鐵礦場
stage10.stg	2366	0x0	ascii	0013
stage10.stg	2383	0x4	big5	小工廠
stage10.stg	2383	0x0	ascii	0012
stage10.stg	2406	0x4	big5	砂土場
stage10.stg	2429	0x4	big5	小商場
stage10.stg	2452	0x2	big5	書香企業
stage10.stg	2453	0x4	big5	小工廠
stage10.stg	2484	0x4	big5	小工廠
stage10.stg	2508	0x4	big5	木材場
stage10.stg	2525	0x2	big5	有巢氏實業
stage10.stg	2526	0x4	big5	中商場
stage10.stg	2540	0x4	big5	小工廠
stage10.stg	2567	0x4	big5	矽礦場
stage10.stg	2584	0x4	big5	鐵礦場
stage10.stg	2613	0x4	big5	煤碳場
stage10.stg	2636	0x4	big5	砂土場
stage10.stg	2659	0x2	big5	精工企業
stage10.stg	2660	0x4	big5	油礦場
stage10.stg	2660	0x0	ascii	0013
stage10.stg	2677	0x4	big5	木材場
stage10.stg	2677	0x0	ascii	0012
stage10.stg	2700	0x4	big5	中工廠
stage10.stg	2724	0x4	big5	中工廠
stage10.stg	2757	0x4	big5	矽礦場
stage10.stg	2780	0x4	big5	鐵礦場
stage10.stg	2803	0x4	big5	煤碳場
stage10.stg	2826	0x4	big5	砂土場
stage10.stg	2843	0x2	big5	加樂福企業
stage10.stg	2844	0x4	big5	鐵礦場
stage10.stg	2861	0x4	big5	中工廠
stage10.stg	2894	0x4	big5	中工廠
stage10.stg	2927	0x4	big5	小工廠
stage10.stg	2954	0x4	big5	木材場
stage11.stg	0	0xC	ascii	Map06
stage11.stg	1	0x2	big5	創業王企業
stage11.stg	2	0x4	big5	合併廠
stage11.stg	12	0xB	ascii	H$};
stage11.stg	14	0xB	ascii	Hpu8
stage11.stg	17	0xB	ascii	HV<9
stage11.stg	37	0x2	big5	單菱商社
stage11.stg	38	0x4	big5	大工廠
stage11.stg	63	0xB	ascii	RM=@
stage11.stg	111	0x4	big5	合併廠
stage11.stg	371	0x4	big5	木材場
stage11.stg	444	0x4	big5	鐵礦場
stage11.stg	502	0x4	big5	砂土場
stage11.stg	560	0x2	big5	耐急企業
stage11.stg	561	0x4	big5	大工廠
stage11.stg	626	0xB	ascii	_6Y+
stage11.stg	641	0x2	big5	風力富企業
stage11.stg	642	0x4	big5	合併廠
stage11.stg	670	0xB	ascii	dT\[
stage11.stg	674	0xB	ascii	d0{a
stage11.stg	675	0xB	ascii	dgp_
stage11.stg	737	0x2	big5	七十一企業
stage11.stg	738	0x4	big5	大商場
stage11.stg	849	0x2	big5	微硬公司
stage11.stg	850	0x2	big5	敗耳企業
stage11.stg	851	0x2	big5	大牧場企業
stage11.stg	852	0x4	big5	中工廠
stage11.stg	852	0x0	ascii	0013
stage11.stg	885	0x4	big5	砂土場
stage11.stg	885	0x0	ascii	0012
stage11.stg	901	0x4	big5	中工廠
stage11.stg	935	0x4	big5	中商場
stage11.stg	950	0x4	big5	大農場
stage11.stg	994	0x4	big5	鐵礦場
stage11.stg	998	0xB	ascii	Wrg\t
stage11.stg	1000	0xB	ascii	Wrg\t
stage11.stg	1002	0xB	ascii	Wrg\t
stage11.stg	1004	0xB	ascii	Wrg\t
stage11.stg	1011	0x4	big5	小工廠
stage11.stg	1040	0x4	big5	小工廠
stage11.stg	1048	0xB	ascii	R-E.
stage11.stg	1051	0xB	ascii	R-h,
stage11.stg	1054	0xB	ascii	R-x+
stage11.stg	1063	0xB	ascii	R-h,
stage11.stg	1070	0x4	big5	小商場
stage11.stg	1094	0x4	big5	小工廠
stage11.stg	1122	0x4	big5	木材場
stage11.stg	1150	0x2	big5	農產公司
stage11.stg	1151	0x4	big5	小工廠
stage11.stg	1179	0x4	big5	煤碳場
stage11.stg	1179	0x0	ascii	0021
stage11.stg	1196	0x4	big5	中商場
stage11.stg	1210	0x4	big5	小工廠
stage11.stg	1210	0x0	ascii	0019
stage11.stg	1242	0x4	big5	中商場
stage11.stg	1242	0x0	ascii	0018
stage11.stg	1256	0x4	big5	大商場
stage11.stg	1256	0x0	ascii	0017
stage11.stg	1270	0x4	big5	中工廠
stage11.stg	1270	0x0	ascii	0016
stage11.stg	1303	0x4	big5	小工廠
stage11.stg	1303	0x0	ascii	0015
stage11.stg	1327	0x4	big5	小工廠
stage11.stg	1327	0x0	ascii	0014
stage11.stg	1351	0x4	big5	中工廠
stage11.stg	1351	0x0	ascii	0013
stage11.stg	1383	0xB	ascii	\GvT
stage11.stg	1399	0x4	big5	小商場
stage11.stg	1399	0x0	ascii	0012
stage11.stg	1423	0x4	big5	小工廠
stage11.stg	1449	0x4	big5	中農場
stage11.stg	1465	0xB	ascii	_#D~
stage11.stg	1474	0x4	big5	砂土場
stage11.stg	1497	0x4	big5	小商場
stage11.stg	1521	0x4	big5	鐵礦場
stage11.stg	1532	0xB	ascii	Trx\t
stage11.stg	1534	0xB	ascii	Trx\t
stage11.stg	1536	0xB	ascii	Trx\t
stage11.stg	1538	0xB	ascii	Trx\t
stage11.stg	1542	0xB	ascii	Trx\t
stage11.stg	1544	0x4	big5	木材場
stage11.stg	1571	0x4	big5	小工廠
stage11.stg	1577	0xB	ascii	RHO;
stage11.stg	1595	0x4	big5	小商場
stage11.stg	1619	0x4	big5	中工廠
stage11.stg	1683	0x2	big5	資源產業
stage11.stg	1684	0x4	big5	小工廠
stage11.stg	1684	0x0	ascii	0021
stage11.stg	1686	0x4	big5	中商場
stage11.stg	1700	0x4	big5	小農場
stage11.stg	1700	0x0	ascii	0019
stage11.stg	1724	0x4	big5	中工廠
stage11.stg	1724	0x0	ascii	0018
stage11.stg	1742	0xB	ascii	XMVI
stage11.stg	1744	0xB	ascii	XM%J
stage11.stg	1748	0x4	big5	煤碳場
stage11.stg	1748	0x0	ascii	0017
stage11.stg	1765	0x4	big5	小工廠
stage11.stg	1765	0x0	ascii	0016
stage11.stg	1789	0x4	big5	中工廠
stage11.stg	1789	0x0	ascii	0015
stage11.stg	1823	0x4	big5	中農場
stage11.stg	1823	0x0	ascii	0014
stage11.stg	1847	0x4	big5	砂土場
stage11.stg	1847	0x0	ascii	0013
stage11.stg	1864	0x4	big5	小工廠
stage11.stg	1864	0x0	ascii	0012
stage11.stg	1891	0x4	big5	鐵礦場
stage11.stg	1908	0x4	big5	小農場
stage11.stg	1916	0xB	ascii	T#_{
stage11.stg	1922	0xB	ascii	T#+z
stage11.stg	1926	0xB	ascii	T#+z
stage11.stg	1932	0x4	big5	砂土場
stage11.stg	1949	0x4	big5	小工廠
stage11.stg	1965	0xB	ascii	\WW;
stage11.stg	1974	0xB	ascii	\ux:
stage11.stg	1978	0x4	big5	中工廠
stage11.stg	2038	0x4	big5	小工廠
stage11.stg	2053	0xB	ascii	\\tZ,
stage11.stg	2066	0x4	big5	油礦場
stage11.stg	2074	0xB	ascii	`rE\t
stage11.stg	2085	0xB	ascii	`rE\t
stage11.stg	2088	0x4	big5	化物場
stage11.stg	2105	0x2	big5	木造實業
stage11.stg	2106	0x4	big5	矽礦場
stage11.stg	2106	0x0	ascii	0017
stage11.stg	2114	0xB	ascii	8C;\t
stage11.stg	2129	0x4	big5	鋁礦場
stage11.stg	2129	0x0	ascii	0016
stage11.stg	2152	0x4	big5	小工廠
stage11.stg	2152	0x0	ascii	0015
stage11.stg	2176	0x4	big5	大工廠
stage11.stg	2176	0x0	ascii	0014
stage11.stg	2200	0x4	big5	砂土場
stage11.stg	2200	0x0	ascii	0013
stage11.stg	2229	0x4	big5	小農場
stage11.stg	2229	0x0	ascii	0012
stage11.stg	2253	0x4	big5	中工廠
stage11.stg	2286	0xB	ascii	^.SY
stage11.stg	2322	0x4	big5	小工廠
stage11.stg	2346	0x4	big5	煤碳場
stage11.stg	2364	0x4	big5	砂土場
stage11.stg	2396	0x4	big5	鐵礦場
stage11.stg	2406	0xB	ascii	:rh\t
stage11.stg	2409	0xB	ascii	:rh\t
stage11.stg	2412	0x4	big5	小商場
stage11.stg	2426	0x4	big5	木材場
stage11.stg	2453	0x4	big5	小商場
stage11.stg	2478	0x4	big5	小工廠
stage11.stg	2506	0x2	big5	文房企業
stage11.stg	2507	0x4	big5	小農場
stage11.stg	2507	0x0	ascii	0012
stage11.stg	2530	0x4	big5	小工廠
stage11.stg	2553	0x4	big5	小工廠
stage11.stg	2585	0x4	big5	小農場
stage11.stg	2609	0x4	big5	砂土場
stage11.stg	2626	0x4	big5	小工廠
stage11.stg	2650	0x4	big5	中工廠
stage11.stg	2703	0x4	big5	小商場
stage11.stg	2727	0x4	big5	小工廠
stage11.stg	2734	0xB	ascii	\ghL
stage11.stg	2737	0xB	ascii	\'^F
stage11.stg	2740	0xB	ascii	\'0F
stage11.stg	2746	0xB	ascii	\'^F
stage11.stg	2749	0xB	ascii	\'^F
stage11.stg	2752	0xB	ascii	\'NQ
stage11.stg	2759	0x4	big5	化物場
stage11.stg	2781	0x2	big5	全電子企業
stage11.stg	2782	0x4	big5	小商場
stage11.stg	2782	0x0	ascii	0015
stage11.stg	2806	0x4	big5	小商場
stage11.stg	2806	0x0	ascii	0014
stage11.stg	2830	0x4	big5	矽礦場
stage11.stg	2830	0x0	ascii	0013
stage11.stg	2855	0xB	ascii	HCm\t
stage11.stg	2859	0x4	big5	小工廠
stage11.stg	2859	0x0	ascii	0012
stage11.stg	2891	0x4	big5	小商場
stage11.stg	2915	0x4	big5	小工廠
stage11.stg	2942	0x4	big5	中工廠
stage11.stg	2956	0xB	ascii	_&DI
stage11.stg	2975	0x4	big5	砂土場
stage11.stg	2996	0x4	big5	木材場
stage11.stg	3019	0x4	big5	鐵礦場
stage11.stg	3025	0xB	ascii	Ars\t
stage11.stg	3037	0xB	ascii	Arq\t
stage11.stg	3038	0xB	ascii	Arv\t
stage11.stg	3042	0x4	big5	小工廠
stage11.stg	3072	0x4	big5	大工廠
stage11.stg	3142	0x2	big5	小家電公司
stage11.stg	3143	0x4	big5	鋁礦場
stage11.stg	3143	0x0	ascii	0018
stage11.stg	3166	0x4	big5	大農場
stage11.stg	3166	0x0	ascii	0017
stage11.stg	3190	0x4	big5	中農場
stage11.stg	3190	0x0	ascii	0016
stage11.stg	3214	0x4	big5	合併廠
stage11.stg	3214	0x0	ascii	0015
stage11.stg	3238	0xB	ascii	6rn\t
stage11.stg	3248	0x4	big5	大工廠
stage11.stg	3248	0x0	ascii	0014
stage11.stg	3282	0x4	big5	矽礦場
stage11.stg	3282	0x0	ascii	0013
stage11.stg	3305	0x4	big5	大商場
stage11.stg	3305	0x0	ascii	0012
stage11.stg	3403	0x4	big5	中工廠
stage11.stg	3409	0xB	ascii	XomN
stage11.stg	3423	0xB	ascii	XomN
stage11.stg	3427	0x4	big5	中工廠
stage11.stg	3460	0x4	big5	大工廠
stage11.stg	3479	0xB	ascii	Wx)J
stage11.stg	3504	0x4	big5	小農場
stage11.stg	3516	0xB	ascii	]4Gn
stage11.stg	3528	0x4	big5	砂土場
stage11.stg	3558	0x4	big5	鐵礦場
stage11.stg	3562	0xB	ascii	KrD\t
stage11.stg	3568	0xB	ascii	Kr~\t
stage11.stg	3572	0xB	ascii	Kr~\t
stage11.stg	3575	0x4	big5	砂土場
stage11.stg	3596	0x4	big5	木材場
stage11.stg	3613	0x2	big5	大矽谷產業
stage11.stg	3614	0x4	big5	中農場
stage11.stg	3614	0x0	ascii	0014
stage11.stg	3638	0x4	big5	煤碳場
stage11.stg	3638	0x0	ascii	0013
stage11.stg	3667	0x4	big5	大工廠
stage11.stg	3667	0x0	ascii	0012
stage11.stg	3700	0x4	big5	小商場
stage11.stg	3714	0x4	big5	小工廠
stage11.stg	3738	0x4	big5	中工廠
stage11.stg	3762	0x4	big5	砂土場
stage11.stg	3791	0x4	big5	木材場
stage11.stg	3808	0x4	big5	小工廠
stage11.stg	3835	0x4	big5	中工廠
stage11.stg	3902	0x4	big5	化物場
stage11.stg	3931	0x2	big5	陶藝企業
stage11.stg	3932	0x4	big5	中農場
stage11.stg	3956	0x4	big5	小工廠
stage11.stg	3956	0x0	ascii	0021
stage11.stg	3984	0x4	big5	中工廠
stage11.stg	4017	0x4	big5	矽礦場
stage11.stg	4017	0x0	ascii	0019
stage11.stg	4028	0xB	ascii	HCO\t
stage11.stg	4046	0x4	big5	油礦場
stage11.stg	4046	0x0	ascii	0018
stage11.stg	4063	0x4	big5	鋁礦場
stage11.stg	4063	0x0	ascii	0017
stage11.stg	4085	0x4	big5	中工廠
stage11.stg	4085	0x0	ascii	0016
stage11.stg	4128	0x4	big5	砂土場
stage11.stg	4128	0x0	ascii	0015
stage11.stg	4151	0x4	big5	大商場
stage11.stg	4151	0x0	ascii	0014
stage11.stg	4165	0x4	big5	小工廠
stage11.stg	4165	0x0	ascii	0013
stage11.stg	4189	0x4	big5	小工廠
stage11.stg	4189	0x0	ascii	0012
stage11.stg	4213	0x4	big5	小農場
stage11.stg	4223	0xB	ascii	R#;|
stage11.stg	4225	0xB	ascii	Q#O|
stage11.stg	4237	0x4	big5	小工廠
stage11.stg	4266	0x4	big5	大商場
stage11.stg	4293	0xB	ascii	_@}z
stage11.stg	4294	0xB	ascii	_@}z
stage11.stg	4295	0xB	ascii	_@}z
stage11.stg	4296	0xB	ascii	_@}z
stage11.stg	4359	0x4	big5	鐵礦場
stage11.stg	4366	0xB	ascii	Yrk\t
stage11.stg	4368	0xB	ascii	Yrm\t
stage11.stg	4374	0xB	ascii	Yrk\t
stage11.stg	4376	0x4	big5	砂土場
stage11.stg	4392	0x4	big5	大工廠
stage11.stg	4422	0xB	ascii	R-yG
stage11.stg	4474	0x4	big5	小工廠
stage11.stg	4501	0x4	big5	小工廠
stage11.stg	4507	0xB	ascii	[O\t+
stage11.stg	4513	0xB	ascii	Y@d$
stage11.stg	4533	0x4	big5	木材場
stage11.stg	4556	0x2	big5	書香企業
stage11.stg	4557	0x4	big5	小工廠
stage11.stg	4557	0x0	ascii	0024
stage11.stg	4580	0x4	big5	中農場
stage11.stg	4580	0x0	ascii	0023
stage11.stg	4603	0x4	big5	小農場
stage11.stg	4626	0x4	big5	矽礦場
stage11.stg	4626	0x0	ascii	0021
stage11.stg	4643	0x4	big5	中農場
stage11.stg	4667	0x4	big5	小商場
stage11.stg	4667	0x0	ascii	0019
stage11.stg	4681	0x4	big5	中工廠
stage11.stg	4681	0x0	ascii	0018
stage11.stg	4705	0x4	big5	中商場
stage11.stg	4705	0x0	ascii	0017
stage11.stg	4719	0x4	big5	小工廠
stage11.stg	4719	0x0	ascii	0016
stage11.stg	4746	0x4	big5	合併廠
stage11.stg	4746	0x0	ascii	0015
stage11.stg	4798	0x4	big5	合併廠
stage11.stg	4798	0x0	ascii	0014
stage11.stg	4841	0xB	ascii	P/:.
stage11.stg	4856	0x4	big5	油礦場
stage11.stg	4856	0x0	ascii	0013
stage11.stg	4872	0x4	big5	小工廠
stage11.stg	4896	0x4	big5	木材場
stage11.stg	4913	0x4	big5	小商場
stage11.stg	4927	0x4	big5	中工廠
stage11.stg	4981	0x4	big5	矽礦場
stage11.stg	4985	0xB	ascii	TC3\t
stage11.stg	4998	0x4	big5	煤碳場
stage11.stg	5015	0x4	big5	鐵礦場
stage11.stg	5038	0x4	big5	砂土場
stage11.stg	5055	0x2	big5	有巢氏實業
stage11.stg	5056	0x4	big5	中農場
stage11.stg	5056	0x0	ascii	0012
stage11.stg	5080	0x4	big5	大工廠
stage11.stg	5113	0x4	big5	小工廠
stage11.stg	5145	0x4	big5	砂土場
stage11.stg	5162	0x4	big5	化物場
stage11.stg	5185	0x4	big5	小農場
stage11.stg	5209	0x4	big5	小工廠
stage11.stg	5236	0x4	big5	煤碳場
stage11.stg	5268	0x4	big5	鐵礦場
stage11.stg	5284	0x4	big5	砂土場
stage11.stg	5301	0x4	big5	矽礦場
stage11.stg	5318	0x2	big5	精工企業
stage11.stg	5319	0x4	big5	小工廠
stage11.stg	5319	0x0	ascii	0018
stage11.stg	5346	0x4	big5	煤碳場
stage11.stg	5346	0x0	ascii	0017
stage11.stg	5363	0x4	big5	鋁礦場
stage11.stg	5363	0x0	ascii	0016
stage11.stg	5380	0x4	big5	小商場
stage11.stg	5380	0x0	ascii	0015
stage11.stg	5394	0x4	big5	中工廠
stage11.stg	5394	0x0	ascii	0014
stage11.stg	5418	0x4	big5	小工廠
stage11.stg	5418	0x0	ascii	0013
stage11.stg	5424	0xB	ascii	TH%=
stage11.stg	5426	0xB	ascii	TH%=
stage11.stg	5442	0x4	big5	中工廠
stage11.stg	5442	0x0	ascii	0012
stage11.stg	5495	0x4	big5	小農場
stage11.stg	5505	0xB	ascii	OrDc
stage11.stg	5507	0xB	ascii	OrDc
stage11.stg	5509	0xB	ascii	OZ'c
stage11.stg	5519	0x4	big5	中工廠
stage11.stg	5561	0xB	ascii	`O<(
stage11.stg	5564	0xB	ascii	[S("
stage11.stg	5574	0x4	big5	鐵礦場
stage11.stg	5579	0xB	ascii	Ir6\t
stage11.stg	5581	0xB	ascii	Ir6\t
stage11.stg	5582	0xB	ascii	Ir6\t
stage11.stg	5587	0xB	ascii	Ir6\t
stage11.stg	5597	0x4	big5	小工廠
stage11.stg	5624	0x4	big5	矽礦場
stage11.stg	5642	0x4	big5	煤碳場
stage11.stg	5674	0x4	big5	鐵礦場
stage11.stg	5695	0x4	big5	砂土場
stage11.stg	5723	0x4	big5	木材場
stage11.stg	5740	0x2	big5	加樂福企業
stage11.stg	5741	0x4	big5	中農場
stage11.stg	5765	0x4	big5	小工廠
stage11.stg	5797	0x4	big5	小工廠
stage11.stg	5822	0x4	big5	中商場
stage11.stg	5836	0x4	big5	小工廠
stage11.stg	5865	0x4	big5	大農場
stage11.stg	5890	0x4	big5	木材場
stage11.stg	5913	0x4	big5	大工廠
stage11.stg	5974	0xB	ascii	X.q!
stage11.stg	5980	0xB	ascii	UWC.
stage11.stg	5988	0x4	big5	砂土場
stage12.stg	0	0xC	ascii	Map12
stage12.stg	1	0x2	big5	創業王企業
stage12.stg	2	0x4	big5	合併廠
stage12.stg	123	0xB	ascii	E9p0
stage12.stg	125	0xB	ascii	E9:2
stage12.stg	202	0xB	ascii	.`}A
stage12.stg	206	0xB	ascii	.`5E
stage12.stg	281	0xB	ascii	Lbh8
stage12.stg	297	0x4	big5	合併廠
stage12.stg	297	0x0	ascii	0015
stage12.stg	410	0xB	ascii	2`>&
stage12.stg	424	0xB	ascii	2,WP
stage12.stg	473	0xB	ascii	2fC!
stage12.stg	492	0xB	ascii	Azl-
stage12.stg	494	0xB	ascii	@.41
stage12.stg	495	0xB	ascii	@cp:
stage12.stg	499	0xB	ascii	@ek-
stage12.stg	528	0x4	big5	合併廠
stage12.stg	528	0x0	ascii	0017
stage12.stg	565	0xB	ascii	OxY`
stage12.stg	571	0xB	ascii	Nx^P
stage12.stg	572	0xB	ascii	Ox9P
stage12.stg	576	0xB	ascii	Nx^R
stage12.stg	578	0xB	ascii	Nx5P
stage12.stg	579	0xB	ascii	Nx5P
stage12.stg	584	0xB	ascii	O#<S
stage12.stg	586	0xB	ascii	Ox9P
stage12.stg	587	0xB	ascii	O#6P
stage12.stg	589	0xB	ascii	N6cQ
stage12.stg	665	0x4	big5	中商場
stage12.stg	665	0x0	ascii	0018
stage12.stg	702	0x2	big5	單菱商社
stage12.stg	703	0x4	big5	中商場
stage12.stg	752	0x4	big5	合併廠
stage12.stg	854	0xB	ascii	-w0`
stage12.stg	887	0x2	big5	耐急企業
stage12.stg	888	0x2	big5	風力富企業
stage12.stg	889	0x2	big5	七十一企業
stage12.stg	890	0x2	big5	微硬公司
stage12.stg	891	0x2	big5	敗耳企業
stage12.stg	892	0x2	big5	大牧場企業
stage12.stg	893	0x2	big5	農產公司
stage12.stg	894	0x2	big5	資源產業
stage12.stg	895	0x2	big5	木造實業
stage12.stg	896	0x2	big5	文房企業
stage12.stg	897	0x2	big5	全電子企業
stage12.stg	898	0x2	big5	小家電公司
stage12.stg	899	0x2	big5	大矽谷產業
stage12.stg	900	0x2	big5	陶藝企業
stage12.stg	901	0x2	big5	書香企業
stage12.stg	902	0x2	big5	有巢氏實業
stage12.stg	903	0x2	big5	精工企業
stage12.stg	904	0x2	big5	加樂福企業
stage13.stg	0	0xC	ascii	Map01
stage13.stg	1	0x2	big5	創業王企業
stage13.stg	2	0x2	big5	單菱商社
stage13.stg	3	0x4	big5	合併廠
stage13.stg	44	0xB	ascii	/`x(
stage13.stg	55	0x4	big5	合併廠
stage13.stg	73	0xB	ascii	EP~2
stage13.stg	79	0xB	ascii	E3>6
stage13.stg	81	0xB	ascii	E6KU
stage13.stg	107	0x4	big5	矽礦場
stage13.stg	130	0xB	ascii	CG}E
stage13.stg	137	0xB	ascii	C&~E
stage13.stg	145	0x2	big5	耐急企業
stage13.stg	146	0x4	big5	矽礦場
stage13.stg	161	0x4	big5	煤碳場
stage13.stg	176	0x4	big5	鐵礦場
stage13.stg	191	0x4	big5	砂土場
stage13.stg	206	0x4	big5	木材場
stage13.stg	217	0x4	big5	化物場
stage13.stg	232	0x2	big5	風力富企業
stage13.stg	233	0x2	big5	七十一企業
stage13.stg	234	0x2	big5	微硬公司
stage13.stg	235	0x2	big5	敗耳企業
stage13.stg	236	0x2	big5	大牧場企業
stage13.stg	237	0x4	big5	小商場
stage13.stg	237	0x0	ascii	0014
stage13.stg	251	0x4	big5	中工廠
stage13.stg	251	0x0	ascii	0013
stage13.stg	284	0x4	big5	木材場
stage13.stg	284	0x0	ascii	0012
stage13.stg	313	0x2	big5	農產公司
stage13.stg	314	0x4	big5	小商場
stage13.stg	314	0x0	ascii	0014
stage13.stg	328	0x4	big5	中工廠
stage13.stg	328	0x0	ascii	0013
stage13.stg	361	0x2	big5	資源產業
stage13.stg	362	0x4	big5	砂土場
stage13.stg	379	0x2	big5	木造實業
stage13.stg	380	0x4	big5	砂土場
stage13.stg	380	0x0	ascii	0017
stage13.stg	397	0x2	big5	文房企業
stage13.stg	398	0x4	big5	小商場
stage13.stg	398	0x0	ascii	0013
stage13.stg	400	0x4	big5	小工廠
stage13.stg	400	0x0	ascii	0012
stage13.stg	402	0x4	big5	合併廠
stage13.stg	414	0xB	ascii	W^n 
stage13.stg	442	0x2	big5	全電子企業
stage13.stg	443	0x4	big5	小商場
stage13.stg	456	0x4	big5	中商場
stage13.stg	456	0x0	ascii	0021
stage13.stg	480	0x4	big5	小工廠
stage13.stg	511	0x4	big5	鐵礦場
stage13.stg	511	0x0	ascii	0019
stage13.stg	521	0xB	ascii	8`Q\t
stage13.stg	527	0xB	ascii	8`Q\t
stage13.stg	534	0x2	big5	小家電公司
stage13.stg	535	0x4	big5	小工廠
stage13.stg	535	0x0	ascii	0021
stage13.stg	563	0x4	big5	化物場
stage13.stg	591	0x2	big5	大矽谷產業
stage13.stg	592	0x4	big5	木材場
stage13.stg	592	0x0	ascii	0014
stage13.stg	609	0x2	big5	陶藝企業
stage13.stg	610	0x2	big5	書香企業
stage13.stg	611	0x4	big5	小工廠
stage13.stg	611	0x0	ascii	0012
stage13.stg	640	0x4	big5	小商場
stage13.stg	664	0x2	big5	有巢氏實業
stage13.stg	665	0x4	big5	小工廠
stage13.stg	665	0x0	ascii	0017
stage13.stg	691	0x4	big5	木材場
stage13.stg	691	0x0	ascii	0016
stage13.stg	707	0x2	big5	精工企業
stage13.stg	708	0x4	big5	中工廠
stage13.stg	708	0x0	ascii	0013
stage13.stg	741	0x4	big5	油礦場
stage13.stg	741	0x0	ascii	0012
stage13.stg	762	0x4	big5	化物場
stage13.stg	784	0x2	big5	加樂福企業
stage13.stg	785	0x4	big5	中工廠
stage13.stg	785	0x0	ascii	0013
stage13.stg	817	0x4	big5	砂土場
stage13.stg	817	0x0	ascii	0012
stage14.stg	0	0xC	ascii	Map13
stage14.stg	1	0x2	big5	創業王企業
stage14.stg	2	0x4	big5	合併廠
stage14.stg	40	0xB	ascii	^AY$
stage14.stg	129	0x2	big5	單菱商社
stage14.stg	130	0x4	big5	合併廠
stage14.stg	130	0x0	ascii	0012
stage14.stg	168	0xB	ascii	YtO"
stage14.stg	179	0xB	ascii	X,kc
stage14.stg	214	0x4	big5	鋁礦場
stage14.stg	225	0x4	big5	合併廠
stage14.stg	238	0xB	ascii	6C0!
stage14.stg	246	0x4	big5	化物場
stage14.stg	272	0x4	big5	煤碳場
stage14.stg	298	0x4	big5	油礦場
stage14.stg	324	0x4	big5	矽礦場
stage14.stg	364	0x4	big5	鐵礦場
stage14.stg	396	0x4	big5	砂土場
stage14.stg	424	0x4	big5	木材場
stage14.stg	432	0xB	ascii	'@=E
stage14.stg	433	0xB	ascii	'@!B
stage14.stg	439	0xB	ascii	'@|L
stage14.stg	470	0x2	big5	耐急企業
stage14.stg	471	0x2	big5	風力富企業
stage14.stg	472	0x4	big5	合併廠
stage14.stg	602	0x2	big5	七十一企業
stage14.stg	603	0x4	big5	小商場
stage14.stg	627	0x4	big5	小商場
stage14.stg	653	0x4	big5	小商場
stage14.stg	678	0x4	big5	小商場
stage14.stg	704	0x4	big5	小商場
stage14.stg	729	0x4	big5	小商場
stage14.stg	754	0x4	big5	小商場
stage14.stg	780	0x2	big5	微硬公司
stage14.stg	781	0x2	big5	敗耳企業
stage14.stg	782	0x2	big5	大牧場企業
stage14.stg	783	0x4	big5	小商場
stage14.stg	797	0x4	big5	小工廠
stage14.stg	829	0x4	big5	木材場
stage14.stg	836	0xB	ascii	4N8\t
stage14.stg	852	0x4	big5	砂土場
stage14.stg	881	0x2	big5	農產公司
stage14.stg	882	0x4	big5	小商場
stage14.stg	895	0x4	big5	大工廠
stage14.stg	927	0x4	big5	砂土場
stage14.stg	944	0x4	big5	煤碳場
stage14.stg	966	0x4	big5	鐵礦場
stage14.stg	989	0x2	big5	資源產業
stage14.stg	990	0x4	big5	砂土場
stage14.stg	1013	0x4	big5	煤碳場
stage14.stg	1030	0x4	big5	小工廠
stage14.stg	1063	0x4	big5	小工廠
stage14.stg	1094	0x4	big5	油礦場
stage14.stg	1116	0x2	big5	木造實業
stage14.stg	1117	0x4	big5	化物場
stage14.stg	1119	0x4	big5	小工廠
stage14.stg	1121	0x4	big5	大工廠
stage14.stg	1149	0x4	big5	中工廠
stage14.stg	1173	0x2	big5	文房企業
stage14.stg	1174	0x4	big5	鐵礦場
stage14.stg	1191	0x4	big5	小商場
stage14.stg	1205	0x4	big5	小工廠
stage14.stg	1237	0x4	big5	矽礦場
stage14.stg	1247	0xB	ascii	JCt\t
stage14.stg	1254	0x4	big5	砂土場
stage14.stg	1271	0x4	big5	煤碳場
stage14.stg	1300	0x4	big5	小工廠
stage14.stg	1324	0x2	big5	全電子企業
stage14.stg	1325	0x4	big5	小商場
stage14.stg	1327	0x4	big5	砂土場
stage14.stg	1350	0x4	big5	木材場
stage14.stg	1372	0x4	big5	油礦場
stage14.stg	1400	0x4	big5	中工廠
stage14.stg	1433	0x4	big5	矽礦場
stage14.stg	1449	0x4	big5	鐵礦場
stage14.stg	1472	0x4	big5	化物場
stage14.stg	1488	0x2	big5	小家電公司
stage14.stg	1489	0x4	big5	化物場
stage14.stg	1512	0x4	big5	中工廠
stage14.stg	1545	0x4	big5	矽礦場
stage14.stg	1558	0xB	ascii	HCl\t
stage14.stg	1560	0xB	ascii	HCl\t
stage14.stg	1562	0x2	big5	大矽谷產業
stage14.stg	1563	0x4	big5	砂土場
stage14.stg	1586	0x4	big5	木材場
stage14.stg	1595	0xB	ascii	`Nc\t
stage14.stg	1599	0xB	ascii	`Nc\t
stage14.stg	1600	0xB	ascii	`Nc\t
stage14.stg	1603	0x2	big5	陶藝企業
stage14.stg	1604	0x4	big5	木材場
stage14.stg	1616	0xB	ascii	6Nj\t
stage14.stg	1621	0x4	big5	小工廠
stage14.stg	1654	0x4	big5	小工廠
stage14.stg	1686	0x4	big5	小商場
stage14.stg	1700	0x4	big5	鐵礦場
stage14.stg	1713	0xB	ascii	Crx\t
stage14.stg	1719	0xB	ascii	Crx\t
stage14.stg	1723	0xB	ascii	Crx\t
stage14.stg	1728	0x4	big5	大工廠
stage14.stg	1787	0x4	big5	小商場
stage14.stg	1801	0x2	big5	書香企業
stage14.stg	1802	0x4	big5	木材場
stage14.stg	1819	0x4	big5	中工廠
stage14.stg	1871	0x4	big5	中商場
stage14.stg	1895	0x4	big5	砂土場
stage14.stg	1911	0x4	big5	小商場
stage14.stg	1935	0x4	big5	鐵礦場
stage14.stg	1964	0x2	big5	有巢氏實業
stage14.stg	1965	0x4	big5	小商場
stage14.stg	1979	0x4	big5	小工廠
stage14.stg	2010	0x4	big5	鐵礦場
stage14.stg	2027	0x4	big5	油礦場
stage14.stg	2044	0x4	big5	大工廠
stage14.stg	2103	0x4	big5	砂土場
stage14.stg	2130	0x2	big5	精工企業
stage14.stg	2131	0x4	big5	小工廠
stage14.stg	2162	0x4	big5	鐵礦場
stage14.stg	2185	0x4	big5	矽礦場
stage14.stg	2202	0x4	big5	木材場
stage14.stg	2219	0x4	big5	煤碳場
stage14.stg	2242	0x2	big5	加樂福企業
stage14.stg	2243	0x4	big5	合併廠
stage14.stg	2294	0x4	big5	化物場
stage14.stg	2321	0x4	big5	木材場
stage14.stg	2332	0xB	ascii	_N_\t
stage14.stg	2344	0x4	big5	砂土場
stage14.stg	2361	0x4	big5	油礦場
stage14.stg	2372	0xB	ascii	Urq\t
stage14.stg	2375	0xB	ascii	Urq\t
staget0.stg	0	0xC	ascii	Map00
staget0.stg	1	0x2	big5	創業王企業
staget0.stg	2	0x2	big5	單菱商社
staget0.stg	3	0x2	big5	耐急企業
staget0.stg	4	0x2	big5	風力富企業
staget0.stg	5	0x2	big5	七十一企業
staget0.stg	6	0x2	big5	微硬公司
staget0.stg	7	0x2	big5	敗耳企業
staget0.stg	8	0x2	big5	大牧場企業
staget0.stg	9	0x2	big5	農產公司
staget0.stg	10	0x2	big5	資源產業
staget0.stg	11	0x2	big5	木造實業
staget0.stg	12	0x2	big5	文房企業
staget0.stg	13	0x2	big5	全電子企業
staget0.stg	14	0x2	big5	小家電公司
staget0.stg	15	0x2	big5	大矽谷產業
staget0.stg	16	0x2	big5	陶藝企業
staget0.stg	17	0x2	big5	書香企業
staget0.stg	18	0x2	big5	有巢氏實業
staget0.stg	19	0x2	big5	精工企業
staget0.stg	20	0x2	big5	加樂福企業
staget1.stg	0	0xC	ascii	Map00
staget1.stg	1	0x2	big5	創業王企業
staget1.stg	2	0x4	big5	木材場
staget1.stg	4	0x2	big5	單菱商社
staget1.stg	5	0x2	big5	耐急企業
staget1.stg	6	0x2	big5	風力富企業
staget1.stg	7	0x2	big5	七十一企業
staget1.stg	8	0x2	big5	微硬公司
staget1.stg	9	0x2	big5	敗耳企業
staget1.stg	10	0x2	big5	大牧場企業
staget1.stg	11	0x2	big5	農產公司
staget1.stg	12	0x2	big5	資源產業
staget1.stg	13	0x2	big5	木造實業
staget1.stg	14	0x2	big5	文房企業
staget1.stg	15	0x2	big5	全電子企業
staget1.stg	16	0x2	big5	小家電公司
staget1.stg	17	0x2	big5	大矽谷產業
staget1.stg	18	0x2	big5	陶藝企業
staget1.stg	19	0x2	big5	書香企業
staget1.stg	20	0x2	big5	有巢氏實業
staget1.stg	21	0x2	big5	精工企業
staget1.stg	22	0x2	big5	加樂福企業
staget2.stg	0	0xC	ascii	Map00
staget2.stg	1	0x2	big5	創業王企業
staget2.stg	2	0x4	big5	木材場
staget2.stg	33	0x2	big5	單菱商社
staget2.stg	34	0x2	big5	耐急企業
staget2.stg	35	0x2	big5	風力富企業
staget2.stg	36	0x2	big5	七十一企業
staget2.stg	37	0x2	big5	微硬公司
staget2.stg	38	0x2	big5	敗耳企業
staget2.stg	39	0x2	big5	大牧場企業
staget2.stg	40	0x2	big5	農產公司
staget2.stg	41	0x2	big5	資源產業
staget2.stg	42	0x2	big5	木造實業
staget2.stg	43	0x2	big5	文房企業
staget2.stg	44	0x2	big5	全電子企業
staget2.stg	45	0x2	big5	小家電公司
staget2.stg	46	0x2	big5	大矽谷產業
staget2.stg	47	0x2	big5	陶藝企業
staget2.stg	48	0x2	big5	書香企業
staget2.stg	49	0x2	big5	有巢氏實業
staget2.stg	50	0x2	big5	精工企業
staget2.stg	51	0x2	big5	加樂福企業
staget3.stg	0	0xC	ascii	Map00
staget3.stg	1	0x2	big5	創業王企業
staget3.stg	2	0x4	big5	合併廠
staget3.stg	66	0x2	big5	單菱商社
staget3.stg	67	0x4	big5	鋁礦場
staget3.stg	96	0x2	big5	耐急企業
staget3.stg	97	0x2	big5	風力富企業
staget3.stg	98	0x2	big5	七十一企業
staget3.stg	99	0x2	big5	微硬公司
staget3.stg	100	0x2	big5	敗耳企業
staget3.stg	101	0x2	big5	大牧場企業
staget3.stg	102	0x2	big5	農產公司
staget3.stg	103	0x2	big5	資源產業
staget3.stg	104	0x2	big5	木造實業
staget3.stg	105	0x2	big5	文房企業
staget3.stg	106	0x2	big5	全電子企業
staget3.stg	107	0x2	big5	小家電公司
staget3.stg	108	0x2	big5	大矽谷產業
staget3.stg	109	0x2	big5	陶藝企業
staget3.stg	110	0x2	big5	書香企業
staget3.stg	111	0x2	big5	有巢氏實業
staget3.stg	112	0x2	big5	精工企業
staget3.stg	113	0x2	big5	加樂福企業
staget4.stg	0	0xC	ascii	Map00
staget4.stg	1	0x2	big5	創業王企業
staget4.stg	2	0x4	big5	合併廠
staget4.stg	12	0xB	ascii	`5nY
staget4.stg	21	0xB	ascii	`[3\
staget4.stg	28	0xB	ascii	a.tE
staget4.stg	30	0xB	ascii	aHNU
staget4.stg	34	0xB	ascii	a}]E
staget4.stg	37	0xB	ascii	a(;H
staget4.stg	96	0x2	big5	單菱商社
staget4.stg	97	0x4	big5	鋁礦場
staget4.stg	126	0x2	big5	耐急企業
staget4.stg	127	0x2	big5	風力富企業
staget4.stg	128	0x2	big5	七十一企業
staget4.stg	129	0x2	big5	微硬公司
staget4.stg	130	0x2	big5	敗耳企業
staget4.stg	131	0x2	big5	大牧場企業
staget4.stg	132	0x2	big5	農產公司
staget4.stg	133	0x2	big5	資源產業
staget4.stg	134	0x2	big5	木造實業
staget4.stg	135	0x2	big5	文房企業
staget4.stg	136	0x2	big5	全電子企業
staget4.stg	137	0x2	big5	小家電公司
staget4.stg	138	0x2	big5	大矽谷產業
staget4.stg	139	0x2	big5	陶藝企業
staget4.stg	140	0x2	big5	書香企業
staget4.stg	141	0x2	big5	有巢氏實業
staget4.stg	142	0x2	big5	精工企業
staget4.stg	143	0x2	big5	加樂福企業
staget5.stg	0	0xC	ascii	Map00
staget5.stg	1	0x2	big5	創業王企業
staget5.stg	2	0x4	big5	合併廠
staget5.stg	30	0xB	ascii	P\cv
staget5.stg	95	0xB	ascii	a(;H
staget5.stg	98	0xB	ascii	a}]E
staget5.stg	102	0xB	ascii	aHNU
staget5.stg	104	0xB	ascii	a.tE
staget5.stg	111	0xB	ascii	`[3\
staget5.stg	120	0xB	ascii	`5nY
staget5.stg	125	0x2	big5	單菱商社
staget5.stg	126	0x4	big5	鐵礦場
staget5.stg	148	0x4	big5	砂土場
staget5.stg	177	0x4	big5	鋁礦場
staget5.stg	184	0xB	ascii	9x|9
staget5.stg	206	0x2	big5	耐急企業
staget5.stg	207	0x2	big5	風力富企業
staget5.stg	208	0x2	big5	七十一企業
staget5.stg	209	0x2	big5	微硬公司
staget5.stg	210	0x2	big5	敗耳企業
staget5.stg	211	0x2	big5	大牧場企業
staget5.stg	212	0x2	big5	農產公司
staget5.stg	213	0x2	big5	資源產業
staget5.stg	214	0x2	big5	木造實業
staget5.stg	215	0x2	big5	文房企業
staget5.stg	216	0x2	big5	全電子企業
staget5.stg	217	0x2	big5	小家電公司
staget5.stg	218	0x2	big5	大矽谷產業
staget5.stg	219	0x2	big5	陶藝企業
staget5.stg	220	0x2	big5	書香企業
staget5.stg	221	0x2	big5	有巢氏實業
staget5.stg	222	0x2	big5	精工企業
staget5.stg	223	0x2	big5	加樂福企業
